SET NAMES utf8;
SET FOREIGN_KEY_CHECKS = 0;

-- ----------------------------
--  Table structure for `abonnement_client`
-- ----------------------------
DROP TABLE IF EXISTS `abonnement_client`;
CREATE TABLE `abonnement_client` (
  `id` int(10) unsigned NOT NULL AUTO_INCREMENT,
  `date_abonnement` date NOT NULL,
  `offre_id` smallint(5) unsigned NOT NULL,
  `num_abonne` int(10) unsigned NOT NULL,
  `montant` decimal(5,2) NOT NULL,
  `premier_numero` smallint(5) unsigned NOT NULL,
  `dernier_numero` smallint(5) unsigned NOT NULL,
  PRIMARY KEY (`id`),
  KEY `abonnement_to_client` (`num_abonne`),
  KEY `abonnement_client_to_offre` (`offre_id`),
  CONSTRAINT `abonnement_client_to_offre` FOREIGN KEY (`offre_id`) REFERENCES `offre_abonnement` (`id`),
  CONSTRAINT `abonnement_to_client` FOREIGN KEY (`num_abonne`) REFERENCES `client` (`num_abonne`)
) ENGINE=InnoDB AUTO_INCREMENT=2210 DEFAULT CHARSET=utf8;

-- ----------------------------
--  Records of `abonnement_client`
-- ----------------------------
BEGIN;
INSERT INTO `abonnement_client` VALUES ('1', '2014-01-23', '2', '308', '180.00', '99', '110'), ('2', '2012-03-03', '3', '367', '324.00', '100', '123'), ('3', '2013-08-07', '2', '41', '180.00', '117', '128'), ('4', '2014-11-17', '3', '384', '324.00', '60', '83'), ('5', '2011-10-28', '2', '161', '180.00', '23', '34'), ('6', '2010-03-02', '4', '324', '450.00', '4', '39'), ('7', '2011-03-16', '3', '484', '324.00', '73', '96'), ('8', '2013-06-04', '1', '445', '90.00', '74', '79'), ('9', '2012-03-01', '1', '307', '90.00', '28', '33'), ('10', '2012-11-08', '3', '350', '324.00', '113', '136'), ('11', '2013-11-24', '1', '301', '90.00', '48', '53'), ('12', '2013-12-14', '1', '346', '90.00', '49', '54'), ('13', '2014-12-23', '3', '151', '324.00', '91', '114'), ('14', '2015-01-05', '1', '197', '90.00', '62', '67'), ('15', '2015-09-03', '4', '391', '450.00', '70', '105'), ('16', '2015-01-12', '4', '479', '450.00', '62', '97'), ('17', '2010-01-01', '1', '394', '90.00', '2', '7'), ('18', '2011-08-13', '4', '88', '450.00', '21', '56'), ('19', '2010-07-20', '3', '3', '324.00', '8', '31'), ('20', '2014-08-15', '1', '431', '90.00', '92', '97'), ('21', '2015-08-19', '4', '256', '450.00', '69', '104'), ('22', '2010-01-22', '3', '63', '324.00', '43', '66'), ('23', '2012-05-18', '1', '464', '90.00', '74', '79'), ('24', '2010-04-19', '2', '81', '180.00', '74', '85'), ('25', '2012-03-10', '1', '171', '90.00', '71', '76'), ('26', '2014-12-03', '4', '186', '450.00', '61', '96'), ('27', '2012-01-10', '2', '120', '180.00', '26', '37'), ('28', '2011-07-10', '2', '281', '180.00', '99', '110'), ('29', '2012-05-25', '3', '109', '324.00', '107', '130'), ('30', '2010-02-27', '3', '408', '324.00', '86', '109'), ('31', '2012-01-14', '3', '273', '324.00', '112', '135'), ('32', '2010-09-09', '2', '147', '180.00', '10', '21'), ('33', '2015-07-22', '2', '18', '180.00', '68', '79'), ('34', '2015-02-01', '1', '434', '90.00', '63', '68'), ('35', '2013-02-10', '1', '50', '90.00', '107', '112'), ('36', '2015-05-03', '2', '242', '180.00', '120', '131'), ('37', '2014-08-30', '2', '319', '180.00', '57', '68'), ('38', '2011-03-03', '3', '183', '324.00', '16', '39'), ('39', '2011-01-09', '1', '447', '90.00', '14', '19'), ('40', '2015-07-16', '3', '431', '324.00', '68', '91'), ('41', '2013-05-06', '4', '254', '450.00', '120', '155'), ('42', '2015-01-06', '2', '464', '180.00', '62', '73'), ('43', '2010-10-12', '1', '297', '90.00', '11', '16'), ('44', '2013-03-16', '4', '18', '450.00', '80', '115'), ('45', '2011-12-09', '3', '184', '324.00', '107', '130'), ('46', '2011-06-17', '4', '12', '450.00', '19', '54'), ('47', '2014-12-30', '3', '317', '324.00', '61', '84'), ('48', '2015-05-08', '1', '296', '90.00', '66', '71'), ('49', '2012-03-04', '2', '189', '180.00', '150', '161'), ('50', '2014-10-11', '1', '303', '90.00', '59', '64'), ('51', '2013-09-02', '4', '14', '450.00', '118', '153'), ('52', '2010-12-30', '4', '104', '450.00', '13', '48'), ('53', '2010-06-29', '4', '63', '450.00', '7', '42'), ('54', '2014-06-03', '1', '276', '90.00', '55', '60'), ('55', '2011-02-13', '2', '370', '180.00', '91', '102'), ('56', '2014-05-28', '4', '225', '450.00', '102', '137'), ('57', '2012-09-04', '4', '409', '450.00', '106', '141'), ('58', '2012-10-27', '2', '270', '180.00', '93', '104'), ('59', '2010-07-11', '3', '13', '324.00', '8', '31'), ('60', '2012-12-31', '4', '484', '450.00', '37', '72'), ('61', '2011-11-30', '3', '191', '324.00', '70', '93'), ('62', '2015-04-05', '4', '109', '450.00', '65', '100'), ('63', '2015-09-20', '2', '57', '180.00', '70', '81'), ('64', '2014-01-15', '4', '144', '450.00', '92', '127'), ('65', '2012-02-23', '3', '296', '324.00', '72', '95'), ('66', '2010-01-29', '2', '27', '180.00', '92', '103'), ('67', '2012-02-27', '1', '256', '90.00', '105', '110'), ('68', '2012-10-03', '4', '337', '450.00', '107', '142'), ('69', '2012-06-17', '1', '319', '90.00', '69', '74'), ('70', '2012-07-12', '4', '26', '450.00', '104', '139'), ('71', '2010-04-01', '2', '283', '180.00', '5', '16'), ('72', '2012-04-15', '3', '300', '324.00', '29', '52'), ('73', '2013-11-24', '1', '364', '90.00', '87', '92'), ('74', '2015-03-23', '2', '205', '180.00', '64', '75'), ('75', '2012-07-23', '4', '262', '450.00', '32', '67'), ('76', '2015-04-01', '4', '322', '450.00', '65', '100'), ('77', '2014-02-14', '1', '358', '90.00', '51', '56'), ('78', '2013-11-16', '4', '185', '450.00', '96', '131'), ('79', '2012-10-14', '2', '267', '180.00', '35', '46'), ('80', '2011-03-13', '2', '180', '180.00', '94', '105'), ('81', '2011-03-20', '2', '403', '180.00', '16', '27'), ('82', '2014-07-19', '2', '163', '180.00', '56', '67'), ('83', '2013-07-24', '2', '71', '180.00', '44', '55'), ('84', '2010-03-20', '4', '395', '450.00', '80', '115'), ('85', '2011-05-08', '3', '337', '324.00', '143', '166'), ('86', '2014-05-19', '2', '303', '180.00', '65', '76'), ('87', '2011-04-22', '2', '169', '180.00', '73', '84'), ('88', '2012-12-19', '2', '318', '180.00', '37', '48'), ('89', '2010-02-08', '2', '481', '180.00', '3', '14'), ('90', '2010-03-30', '4', '171', '450.00', '77', '112'), ('91', '2013-03-02', '1', '465', '90.00', '100', '105'), ('92', '2012-05-24', '2', '201', '180.00', '101', '112'), ('93', '2015-07-14', '4', '138', '450.00', '68', '103'), ('94', '2015-10-15', '1', '380', '90.00', '71', '76'), ('95', '2012-06-01', '4', '419', '450.00', '31', '66'), ('96', '2013-12-14', '1', '167', '90.00', '106', '111'), ('97', '2011-07-03', '1', '198', '90.00', '79', '84'), ('98', '2013-05-19', '4', '189', '450.00', '114', '149'), ('99', '2010-01-06', '1', '67', '90.00', '2', '7'), ('100', '2013-04-03', '3', '149', '324.00', '41', '64'), ('128', '2015-03-27', '3', '407', '324.00', '64', '87'), ('129', '2015-04-15', '1', '171', '90.00', '65', '70'), ('130', '2015-01-11', '1', '477', '90.00', '62', '67'), ('131', '2015-04-04', '1', '159', '90.00', '65', '70'), ('132', '2015-10-09', '1', '242', '90.00', '78', '83'), ('133', '2015-09-19', '2', '133', '180.00', '70', '81'), ('134', '2015-04-07', '1', '404', '90.00', '65', '70'), ('135', '2015-07-11', '2', '181', '180.00', '68', '79'), ('136', '2015-01-13', '3', '162', '324.00', '62', '85'), ('137', '2015-08-03', '3', '246', '324.00', '69', '92'), ('138', '2015-01-17', '1', '315', '90.00', '62', '67'), ('139', '2015-03-29', '1', '191', '90.00', '64', '69'), ('140', '2015-09-29', '3', '188', '324.00', '70', '93'), ('141', '2015-08-06', '3', '153', '324.00', '69', '92'), ('142', '2015-10-22', '1', '24', '90.00', '71', '76'), ('143', '2015-02-18', '3', '52', '324.00', '63', '86'), ('144', '2015-07-01', '4', '107', '450.00', '68', '103'), ('145', '2015-10-18', '2', '287', '180.00', '71', '82'), ('146', '2015-01-27', '3', '408', '324.00', '62', '85'), ('147', '2015-09-14', '3', '423', '324.00', '70', '93'), ('148', '2015-09-14', '1', '316', '90.00', '70', '75'), ('149', '2015-03-02', '1', '348', '90.00', '64', '69'), ('150', '2015-06-07', '1', '169', '90.00', '67', '72'), ('151', '2015-07-20', '3', '461', '324.00', '68', '91'), ('152', '2015-01-20', '2', '374', '180.00', '62', '73'), ('153', '2015-09-25', '4', '167', '450.00', '70', '105'), ('154', '2015-08-21', '3', '178', '324.00', '69', '92'), ('155', '2015-08-09', '2', '293', '180.00', '69', '80'), ('156', '2015-01-05', '4', '436', '450.00', '62', '97'), ('157', '2015-06-12', '4', '247', '450.00', '67', '102'), ('158', '2015-01-28', '4', '118', '450.00', '62', '97'), ('159', '2015-07-05', '4', '427', '450.00', '68', '103'), ('160', '2015-01-31', '3', '103', '324.00', '62', '85'), ('161', '2015-04-21', '2', '306', '180.00', '65', '76'), ('162', '2015-05-16', '2', '125', '180.00', '66', '77'), ('163', '2015-06-16', '1', '334', '90.00', '67', '72'), ('164', '2015-08-09', '3', '270', '324.00', '69', '92'), ('165', '2015-02-12', '2', '220', '180.00', '63', '74'), ('166', '2015-04-05', '4', '201', '450.00', '65', '100'), ('167', '2015-01-18', '1', '437', '90.00', '62', '67'), ('168', '2015-06-11', '4', '482', '450.00', '67', '102'), ('169', '2015-06-23', '2', '312', '180.00', '67', '78'), ('170', '2015-03-23', '1', '205', '90.00', '76', '81'), ('171', '2015-08-24', '2', '1', '180.00', '69', '80'), ('172', '2015-10-22', '1', '350', '90.00', '71', '76'), ('173', '2015-06-26', '1', '449', '90.00', '67', '72'), ('174', '2015-01-18', '3', '432', '324.00', '62', '85'), ('175', '2015-01-11', '3', '177', '324.00', '62', '85'), ('176', '2015-07-06', '3', '329', '324.00', '68', '91'), ('177', '2015-04-21', '1', '254', '90.00', '114', '119'), ('178', '2015-09-20', '3', '180', '324.00', '70', '93'), ('179', '2015-10-20', '4', '424', '450.00', '71', '106'), ('180', '2015-02-20', '2', '492', '180.00', '74', '85'), ('181', '2015-05-31', '2', '74', '180.00', '66', '77'), ('182', '2015-06-24', '1', '144', '90.00', '86', '91'), ('183', '2015-06-21', '2', '387', '180.00', '67', '78'), ('184', '2015-03-11', '1', '302', '90.00', '80', '85'), ('185', '2015-01-06', '2', '53', '180.00', '62', '73'), ('186', '2015-02-13', '1', '109', '90.00', '101', '106'), ('187', '2015-07-23', '2', '248', '180.00', '68', '79'), ('188', '2015-08-25', '2', '41', '180.00', '69', '80'), ('189', '2015-09-20', '1', '273', '90.00', '70', '75'), ('190', '2015-06-16', '2', '150', '180.00', '67', '78'), ('191', '2015-07-29', '4', '41', '450.00', '81', '116'), ('192', '2015-10-13', '2', '323', '180.00', '71', '82'), ('193', '2015-03-28', '2', '497', '180.00', '64', '75'), ('194', '2015-10-05', '1', '290', '90.00', '71', '76'), ('195', '2015-10-07', '1', '402', '90.00', '71', '76'), ('196', '2015-10-20', '4', '50', '450.00', '71', '106'), ('197', '2015-07-26', '1', '81', '90.00', '68', '73'), ('198', '2015-02-14', '4', '69', '450.00', '81', '116'), ('199', '2015-01-29', '4', '409', '450.00', '70', '105'), ('200', '2015-02-18', '3', '113', '324.00', '63', '86'), ('201', '2015-07-07', '4', '452', '450.00', '94', '129'), ('202', '2015-07-10', '1', '445', '90.00', '68', '73'), ('203', '2015-10-14', '3', '126', '324.00', '71', '94'), ('204', '2015-08-09', '4', '254', '450.00', '78', '113'), ('205', '2015-02-11', '1', '333', '90.00', '63', '68'), ('206', '2015-05-28', '2', '221', '180.00', '66', '77'), ('207', '2015-09-20', '4', '321', '450.00', '70', '105'), ('208', '2015-06-10', '4', '293', '450.00', '81', '116'), ('209', '2015-02-21', '3', '364', '324.00', '63', '86'), ('210', '2015-09-25', '1', '33', '90.00', '70', '75'), ('211', '2015-04-10', '2', '124', '180.00', '65', '76'), ('212', '2015-08-11', '2', '46', '180.00', '69', '80'), ('213', '2015-05-24', '1', '368', '90.00', '66', '71'), ('214', '2015-08-24', '1', '234', '90.00', '69', '74'), ('215', '2015-04-25', '1', '108', '90.00', '65', '70'), ('216', '2015-04-14', '1', '212', '90.00', '65', '70'), ('217', '2015-07-23', '1', '105', '90.00', '68', '73'), ('218', '2015-07-28', '1', '331', '90.00', '68', '73'), ('219', '2015-04-09', '2', '200', '180.00', '65', '76'), ('220', '2015-05-02', '4', '286', '450.00', '66', '101'), ('221', '2015-08-16', '2', '185', '180.00', '84', '95'), ('222', '2015-08-08', '4', '340', '450.00', '75', '110'), ('223', '2015-08-28', '4', '430', '450.00', '69', '104'), ('224', '2015-06-18', '1', '31', '90.00', '67', '72'), ('225', '2015-01-27', '3', '168', '324.00', '62', '85'), ('226', '2015-07-22', '4', '90', '450.00', '94', '129'), ('227', '2015-08-31', '4', '131', '450.00', '69', '104'), ('228', '2015-01-18', '4', '194', '450.00', '62', '97'), ('229', '2015-07-28', '4', '189', '450.00', '78', '113'), ('230', '2015-04-24', '4', '2', '450.00', '71', '106'), ('231', '2015-01-29', '2', '225', '180.00', '90', '101'), ('232', '2015-08-19', '2', '440', '180.00', '69', '80'), ('233', '2015-06-15', '4', '217', '450.00', '67', '102'), ('234', '2015-07-02', '4', '350', '450.00', '77', '112'), ('235', '2015-08-23', '4', '466', '450.00', '69', '104'), ('236', '2015-01-15', '2', '465', '180.00', '88', '99'), ('237', '2015-04-20', '1', '453', '90.00', '65', '70'), ('238', '2015-02-12', '4', '240', '450.00', '63', '98'), ('239', '2015-06-01', '1', '342', '90.00', '67', '72'), ('240', '2015-05-30', '2', '95', '180.00', '66', '77'), ('241', '2015-01-31', '3', '401', '324.00', '62', '85'), ('242', '2015-09-15', '4', '486', '450.00', '70', '105'), ('243', '2015-01-08', '2', '60', '180.00', '62', '73'), ('244', '2015-06-06', '2', '198', '180.00', '67', '78'), ('245', '2015-07-25', '4', '132', '450.00', '68', '103'), ('246', '2015-03-24', '1', '21', '90.00', '64', '69'), ('247', '2015-06-12', '4', '266', '450.00', '67', '102'), ('248', '2015-01-12', '2', '188', '180.00', '94', '105'), ('249', '2015-09-22', '4', '34', '450.00', '70', '105'), ('250', '2015-08-22', '2', '486', '180.00', '106', '117'), ('251', '2015-06-30', '2', '229', '180.00', '67', '78'), ('252', '2015-05-04', '2', '493', '180.00', '66', '77'), ('253', '2015-01-03', '3', '396', '324.00', '62', '85'), ('254', '2015-08-02', '2', '47', '180.00', '69', '80'), ('255', '2015-08-31', '3', '94', '324.00', '69', '92'), ('256', '2015-03-15', '4', '367', '450.00', '64', '99'), ('257', '2015-07-29', '4', '38', '450.00', '68', '103'), ('258', '2015-07-02', '3', '27', '324.00', '68', '91'), ('259', '2015-08-15', '1', '243', '90.00', '69', '74'), ('260', '2015-10-12', '3', '472', '324.00', '71', '94'), ('261', '2015-02-05', '3', '443', '324.00', '63', '86'), ('262', '2015-03-08', '1', '182', '90.00', '64', '69'), ('263', '2015-10-19', '4', '140', '450.00', '71', '106'), ('264', '2015-04-25', '1', '2', '90.00', '65', '70'), ('265', '2015-01-05', '3', '451', '324.00', '62', '85'), ('266', '2015-09-06', '3', '275', '324.00', '70', '93'), ('267', '2015-09-10', '4', '242', '450.00', '84', '119'), ('268', '2015-01-03', '2', '355', '180.00', '98', '109'), ('269', '2015-04-24', '4', '14', '450.00', '82', '117'), ('270', '2015-04-24', '4', '361', '450.00', '65', '100'), ('271', '2015-08-15', '3', '426', '324.00', '69', '92'), ('272', '2015-03-04', '3', '465', '324.00', '64', '87'), ('273', '2015-06-30', '4', '66', '450.00', '67', '102'), ('274', '2015-01-23', '3', '449', '324.00', '73', '96'), ('275', '2015-01-08', '2', '9', '180.00', '62', '73'), ('276', '2015-08-28', '1', '473', '90.00', '69', '74'), ('277', '2015-04-07', '2', '424', '180.00', '107', '118'), ('278', '2015-08-04', '2', '259', '180.00', '69', '80'), ('279', '2015-06-04', '4', '6', '450.00', '77', '112'), ('280', '2015-02-24', '4', '308', '450.00', '63', '98'), ('281', '2015-08-26', '1', '340', '90.00', '69', '74'), ('282', '2015-04-02', '1', '457', '90.00', '65', '70'), ('283', '2015-09-09', '4', '444', '450.00', '70', '105'), ('284', '2015-09-10', '3', '90', '324.00', '70', '93'), ('285', '2015-08-19', '1', '274', '90.00', '69', '74'), ('286', '2015-02-10', '4', '124', '450.00', '77', '112'), ('287', '2015-02-28', '3', '263', '324.00', '63', '86'), ('288', '2015-03-30', '4', '77', '450.00', '64', '99'), ('289', '2015-05-28', '2', '393', '180.00', '66', '77'), ('290', '2015-05-24', '3', '438', '324.00', '66', '89'), ('291', '2015-07-31', '2', '64', '180.00', '68', '79'), ('292', '2015-09-28', '2', '179', '180.00', '70', '81'), ('293', '2015-06-21', '1', '83', '90.00', '67', '72'), ('294', '2015-09-10', '3', '452', '324.00', '70', '93'), ('295', '2015-06-02', '2', '239', '180.00', '67', '78'), ('296', '2015-05-31', '4', '329', '450.00', '92', '127'), ('297', '2015-06-24', '3', '370', '324.00', '67', '90'), ('298', '2015-08-13', '2', '219', '180.00', '69', '80'), ('299', '2015-09-13', '4', '273', '450.00', '76', '111'), ('300', '2015-07-04', '3', '357', '324.00', '68', '91'), ('301', '2015-06-26', '4', '61', '450.00', '67', '102'), ('302', '2015-10-13', '1', '6', '90.00', '71', '76'), ('303', '2015-05-04', '4', '195', '450.00', '66', '101'), ('304', '2015-01-24', '1', '199', '90.00', '62', '67'), ('305', '2015-08-03', '2', '485', '180.00', '69', '80'), ('306', '2015-01-08', '4', '111', '450.00', '62', '97'), ('307', '2015-10-04', '1', '79', '90.00', '71', '76'), ('308', '2015-07-31', '2', '302', '180.00', '68', '79'), ('309', '2015-07-14', '1', '492', '90.00', '68', '73'), ('310', '2015-01-26', '4', '355', '450.00', '62', '97'), ('311', '2015-01-27', '4', '172', '450.00', '62', '97'), ('312', '2015-04-16', '1', '151', '90.00', '85', '90'), ('313', '2015-05-21', '4', '51', '450.00', '66', '101'), ('314', '2015-05-07', '3', '22', '324.00', '66', '89'), ('315', '2015-01-11', '2', '176', '180.00', '62', '73'), ('316', '2015-08-24', '1', '382', '90.00', '69', '74'), ('317', '2015-06-15', '1', '428', '90.00', '67', '72'), ('318', '2015-07-25', '2', '395', '180.00', '68', '79'), ('319', '2015-02-08', '2', '106', '180.00', '63', '74'), ('320', '2015-10-07', '4', '184', '450.00', '71', '106'), ('321', '2015-06-18', '1', '321', '90.00', '106', '111'), ('322', '2015-03-26', '2', '217', '180.00', '103', '114'), ('323', '2015-08-22', '2', '69', '180.00', '69', '80'), ('324', '2015-07-20', '4', '26', '450.00', '68', '103'), ('325', '2015-02-05', '4', '281', '450.00', '63', '98'), ('326', '2015-03-10', '2', '202', '180.00', '64', '75'), ('327', '2015-04-28', '4', '337', '450.00', '71', '106'), ('383', '2011-09-10', '8', '44', '205.00', '21', '32'), ('384', '2014-10-03', '6', '201', '80.00', '29', '32'), ('385', '2014-12-18', '5', '185', '40.00', '21', '22'), ('386', '2015-03-15', '5', '312', '40.00', '22', '23'), ('387', '2015-05-06', '6', '298', '80.00', '23', '26'), ('388', '2015-02-13', '5', '406', '40.00', '22', '23'), ('389', '2014-10-03', '6', '17', '80.00', '35', '38'), ('390', '2011-11-28', '7', '6', '150.00', '9', '16'), ('391', '2013-08-19', '6', '392', '80.00', '16', '19'), ('392', '2014-10-30', '7', '472', '150.00', '37', '44'), ('393', '2012-01-12', '5', '41', '40.00', '10', '11'), ('394', '2011-01-11', '5', '308', '40.00', '6', '7'), ('395', '2011-02-02', '7', '5', '150.00', '30', '37'), ('396', '2012-07-28', '5', '150', '40.00', '12', '13'), ('397', '2014-07-03', '8', '395', '205.00', '36', '47'), ('398', '2010-12-20', '7', '69', '150.00', '34', '41'), ('399', '2013-03-08', '8', '387', '205.00', '14', '25'), ('400', '2011-04-04', '6', '239', '80.00', '7', '10'), ('401', '2010-09-28', '8', '477', '205.00', '27', '38'), ('402', '2013-11-03', '5', '393', '40.00', '41', '42'), ('403', '2010-09-27', '8', '89', '205.00', '4', '15'), ('404', '2013-09-26', '5', '32', '40.00', '31', '32'), ('405', '2014-04-28', '7', '115', '150.00', '35', '42'), ('406', '2011-04-04', '6', '82', '80.00', '38', '41'), ('407', '2011-12-07', '8', '247', '205.00', '9', '20'), ('408', '2010-01-12', '6', '251', '80.00', '4', '7'), ('409', '2011-06-15', '6', '367', '80.00', '7', '10'), ('410', '2014-06-26', '8', '269', '205.00', '43', '54'), ('411', '2012-01-31', '6', '198', '80.00', '10', '13'), ('412', '2015-05-22', '7', '475', '150.00', '23', '30'), ('413', '2010-10-31', '6', '3', '80.00', '5', '8'), ('414', '2012-10-28', '5', '274', '40.00', '13', '14'), ('415', '2014-02-15', '5', '183', '40.00', '18', '19'), ('416', '2011-07-04', '8', '242', '205.00', '8', '19'), ('417', '2010-04-11', '7', '74', '150.00', '3', '10'), ('418', '2014-09-16', '7', '185', '150.00', '23', '30'), ('419', '2015-01-27', '5', '325', '40.00', '22', '23'), ('420', '2014-03-22', '8', '446', '205.00', '18', '29'), ('421', '2010-01-23', '6', '282', '80.00', '2', '5'), ('422', '2012-03-11', '6', '55', '80.00', '32', '35'), ('423', '2012-12-30', '5', '140', '40.00', '44', '45'), ('424', '2015-04-26', '8', '199', '205.00', '23', '34'), ('425', '2012-02-22', '6', '156', '80.00', '33', '36'), ('426', '2014-08-07', '5', '167', '40.00', '36', '37'), ('427', '2012-12-07', '7', '87', '150.00', '13', '20'), ('428', '2011-09-13', '7', '321', '150.00', '8', '15'), ('429', '2013-06-22', '5', '449', '40.00', '15', '16'), ('430', '2015-09-03', '6', '63', '80.00', '32', '35'), ('431', '2012-05-10', '7', '281', '150.00', '11', '18'), ('432', '2013-11-19', '6', '33', '80.00', '37', '40'), ('433', '2014-01-27', '7', '277', '150.00', '18', '25'), ('434', '2011-06-17', '5', '109', '40.00', '7', '8'), ('435', '2012-01-15', '5', '92', '40.00', '10', '11'), ('436', '2015-03-27', '8', '104', '205.00', '22', '33'), ('437', '2015-05-05', '6', '161', '80.00', '29', '32'), ('438', '2012-01-17', '8', '126', '205.00', '10', '21'), ('439', '2014-10-18', '8', '471', '205.00', '35', '46'), ('440', '2013-01-16', '6', '297', '80.00', '24', '27'), ('441', '2011-12-23', '5', '93', '40.00', '9', '10'), ('442', '2013-09-21', '7', '175', '150.00', '26', '33'), ('443', '2014-03-28', '5', '357', '40.00', '18', '19'), ('444', '2011-09-27', '6', '416', '80.00', '26', '29'), ('445', '2013-10-18', '6', '44', '80.00', '17', '20'), ('446', '2012-01-25', '7', '488', '150.00', '10', '17'), ('447', '2014-03-09', '7', '366', '150.00', '30', '37'), ('448', '2014-10-16', '5', '33', '40.00', '35', '36'), ('449', '2012-02-20', '5', '451', '40.00', '10', '11'), ('450', '2010-04-09', '7', '49', '150.00', '24', '31'), ('451', '2013-05-10', '7', '454', '150.00', '15', '22'), ('452', '2013-06-20', '5', '2', '40.00', '24', '25'), ('453', '2012-12-24', '7', '82', '150.00', '30', '37'), ('454', '2015-01-27', '5', '304', '40.00', '22', '23'), ('455', '2012-06-12', '7', '395', '150.00', '48', '55'), ('456', '2010-11-28', '5', '457', '40.00', '38', '39'), ('457', '2012-03-22', '6', '353', '80.00', '10', '13'), ('458', '2013-01-05', '5', '359', '40.00', '25', '26'), ('459', '2012-09-28', '8', '326', '205.00', '36', '47'), ('460', '2012-03-02', '7', '327', '150.00', '10', '17'), ('461', '2014-01-29', '6', '216', '80.00', '24', '27'), ('462', '2015-09-07', '7', '409', '150.00', '24', '31'), ('463', '2012-12-28', '8', '315', '205.00', '13', '24'), ('464', '2011-01-04', '6', '343', '80.00', '6', '9'), ('465', '2010-10-27', '8', '76', '205.00', '5', '16'), ('466', '2014-12-31', '6', '53', '80.00', '39', '42'), ('467', '2010-06-16', '8', '384', '205.00', '36', '47'), ('468', '2010-02-24', '5', '251', '40.00', '2', '3'), ('469', '2014-02-15', '5', '472', '40.00', '45', '46'), ('470', '2014-07-12', '5', '28', '40.00', '27', '28'), ('471', '2013-06-23', '6', '162', '80.00', '27', '30'), ('472', '2012-09-19', '7', '100', '150.00', '12', '19'), ('473', '2010-08-09', '6', '250', '80.00', '4', '7'), ('474', '2010-10-29', '7', '286', '150.00', '31', '38'), ('475', '2011-03-21', '8', '427', '205.00', '29', '40'), ('476', '2013-05-16', '5', '131', '40.00', '15', '16'), ('477', '2014-01-25', '8', '205', '205.00', '32', '43'), ('478', '2015-06-04', '8', '373', '205.00', '23', '34'), ('479', '2012-09-26', '7', '324', '150.00', '12', '19'), ('480', '2011-05-19', '6', '240', '80.00', '7', '10'), ('481', '2014-07-16', '6', '401', '80.00', '32', '35'), ('482', '2015-06-19', '7', '223', '150.00', '23', '30'), ('510', '2015-06-28', '8', '146', '205.00', '23', '34'), ('511', '2015-08-23', '6', '80', '80.00', '24', '27'), ('512', '2015-03-03', '5', '163', '40.00', '27', '28'), ('513', '2015-08-11', '6', '159', '80.00', '24', '27'), ('514', '2015-10-11', '8', '303', '205.00', '25', '36'), ('515', '2015-05-09', '5', '161', '40.00', '27', '28'), ('516', '2015-04-30', '5', '80', '40.00', '28', '29'), ('517', '2015-05-26', '8', '421', '205.00', '23', '34'), ('518', '2015-01-27', '5', '320', '40.00', '22', '23'), ('519', '2015-04-15', '7', '96', '150.00', '23', '30'), ('520', '2015-09-09', '8', '167', '205.00', '24', '35'), ('521', '2015-03-26', '5', '49', '40.00', '22', '23'), ('522', '2015-05-07', '6', '28', '80.00', '23', '26'), ('523', '2015-08-15', '6', '65', '80.00', '24', '27'), ('524', '2015-01-14', '7', '122', '150.00', '22', '29'), ('525', '2015-04-26', '7', '32', '150.00', '23', '30'), ('526', '2015-03-19', '5', '450', '40.00', '22', '23'), ('527', '2015-08-19', '6', '256', '80.00', '24', '27'), ('528', '2015-04-30', '7', '81', '150.00', '23', '30'), ('529', '2015-07-21', '7', '125', '150.00', '24', '31'), ('530', '2015-05-10', '5', '139', '40.00', '36', '37'), ('531', '2015-01-25', '8', '224', '205.00', '22', '33'), ('532', '2015-03-04', '8', '79', '205.00', '22', '33'), ('533', '2015-02-06', '5', '412', '40.00', '22', '23'), ('534', '2015-05-27', '5', '351', '40.00', '23', '24'), ('535', '2015-10-03', '6', '166', '80.00', '25', '28'), ('536', '2015-02-02', '5', '216', '40.00', '22', '23'), ('537', '2015-09-13', '6', '118', '80.00', '24', '27'), ('538', '2015-03-20', '5', '147', '40.00', '22', '23'), ('539', '2015-08-09', '7', '94', '150.00', '24', '31'), ('540', '2015-07-29', '5', '442', '40.00', '24', '25'), ('541', '2015-08-13', '6', '350', '80.00', '24', '27'), ('542', '2015-10-07', '5', '474', '40.00', '25', '26'), ('543', '2015-05-23', '8', '221', '205.00', '23', '34'), ('544', '2015-07-18', '5', '471', '40.00', '33', '34'), ('545', '2015-08-31', '7', '467', '150.00', '27', '34'), ('546', '2015-05-21', '6', '163', '80.00', '23', '26'), ('547', '2015-07-21', '8', '235', '205.00', '24', '35'), ('548', '2015-07-06', '7', '382', '150.00', '24', '31'), ('549', '2015-08-18', '8', '157', '205.00', '24', '35'), ('550', '2015-01-09', '7', '140', '150.00', '36', '43'), ('551', '2015-05-18', '7', '184', '150.00', '23', '30'), ('552', '2015-09-11', '8', '384', '205.00', '24', '35'), ('553', '2015-07-28', '6', '279', '80.00', '24', '27'), ('554', '2015-05-22', '7', '286', '150.00', '23', '30'), ('555', '2015-10-17', '8', '243', '205.00', '25', '36'), ('556', '2015-10-15', '8', '365', '205.00', '25', '36'), ('557', '2015-09-06', '8', '57', '205.00', '24', '35'), ('558', '2015-07-12', '6', '119', '80.00', '24', '27'), ('559', '2015-09-29', '7', '154', '150.00', '24', '31'), ('560', '2015-06-08', '6', '264', '80.00', '23', '26'), ('561', '2015-08-10', '7', '402', '150.00', '24', '31'), ('562', '2015-08-03', '6', '425', '80.00', '24', '27'), ('563', '2015-01-14', '7', '5', '150.00', '22', '29'), ('564', '2015-01-20', '5', '332', '40.00', '22', '23'), ('565', '2015-09-18', '5', '376', '40.00', '24', '25'), ('566', '2015-10-08', '7', '422', '150.00', '25', '32'), ('567', '2015-04-15', '5', '436', '40.00', '23', '24'), ('568', '2015-03-01', '8', '219', '205.00', '22', '33'), ('569', '2015-04-05', '6', '162', '80.00', '23', '26'), ('570', '2015-01-07', '8', '331', '205.00', '22', '33'), ('571', '2015-10-06', '6', '427', '80.00', '25', '28'), ('572', '2015-02-10', '7', '54', '150.00', '22', '29'), ('573', '2015-07-19', '7', '13', '150.00', '24', '31'), ('574', '2015-01-29', '8', '65', '205.00', '28', '39'), ('575', '2015-10-10', '7', '98', '150.00', '25', '32'), ('576', '2015-04-30', '5', '273', '40.00', '23', '24'), ('577', '2015-08-27', '6', '259', '80.00', '24', '27'), ('578', '2015-02-17', '5', '140', '40.00', '34', '35'), ('579', '2015-06-29', '6', '95', '80.00', '23', '26'), ('580', '2015-09-07', '8', '457', '205.00', '24', '35'), ('581', '2015-05-16', '5', '84', '40.00', '23', '24'), ('582', '2015-01-03', '8', '464', '205.00', '22', '33'), ('583', '2015-05-18', '8', '340', '205.00', '23', '34'), ('584', '2015-08-30', '6', '285', '80.00', '24', '27'), ('585', '2015-09-17', '8', '132', '205.00', '24', '35'), ('586', '2015-06-17', '5', '359', '40.00', '23', '24'), ('587', '2015-02-16', '5', '50', '40.00', '22', '23'), ('588', '2015-02-12', '6', '340', '80.00', '35', '38'), ('589', '2015-04-20', '5', '348', '40.00', '23', '24'), ('590', '2015-07-25', '7', '401', '150.00', '24', '31'), ('591', '2015-01-12', '5', '368', '40.00', '26', '27'), ('592', '2015-01-30', '8', '400', '205.00', '22', '33'), ('593', '2015-10-15', '6', '287', '80.00', '25', '28'), ('594', '2015-02-22', '5', '432', '40.00', '22', '23'), ('595', '2015-06-21', '7', '472', '150.00', '29', '36'), ('596', '2015-10-19', '5', '467', '40.00', '25', '26'), ('597', '2015-03-30', '6', '491', '80.00', '22', '25'), ('598', '2015-06-25', '6', '31', '80.00', '23', '26'), ('599', '2015-06-05', '5', '17', '40.00', '33', '34'), ('600', '2015-04-07', '5', '151', '40.00', '23', '24'), ('601', '2015-05-21', '5', '457', '40.00', '36', '37'), ('602', '2015-05-01', '8', '155', '205.00', '23', '34'), ('603', '2015-07-08', '8', '52', '205.00', '24', '35'), ('604', '2015-02-01', '5', '2', '40.00', '22', '23'), ('605', '2015-02-16', '7', '77', '150.00', '22', '29'), ('606', '2015-10-12', '7', '156', '150.00', '25', '32'), ('607', '2015-09-14', '5', '10', '40.00', '24', '25'), ('608', '2015-02-08', '5', '495', '40.00', '22', '23'), ('609', '2015-07-27', '7', '397', '150.00', '28', '35'), ('610', '2015-04-09', '8', '328', '205.00', '23', '34'), ('611', '2015-08-10', '8', '362', '205.00', '24', '35'), ('612', '2015-01-18', '5', '297', '40.00', '22', '23'), ('613', '2015-03-17', '6', '473', '80.00', '22', '25'), ('614', '2015-03-26', '7', '82', '150.00', '22', '29'), ('615', '2015-06-29', '6', '78', '80.00', '23', '26'), ('616', '2015-10-18', '8', '263', '205.00', '25', '36'), ('617', '2015-06-18', '7', '409', '150.00', '32', '39'), ('618', '2015-09-20', '6', '227', '80.00', '24', '27'), ('619', '2015-07-05', '6', '102', '80.00', '24', '27'), ('620', '2015-08-03', '7', '484', '150.00', '24', '31'), ('621', '2015-03-18', '6', '461', '80.00', '22', '25'), ('622', '2015-01-13', '8', '1', '205.00', '29', '40'), ('623', '2015-04-21', '8', '64', '205.00', '23', '34'), ('624', '2015-04-15', '5', '53', '40.00', '25', '26'), ('625', '2015-05-25', '8', '268', '205.00', '23', '34'), ('626', '2015-04-19', '6', '492', '80.00', '23', '26'), ('627', '2015-10-20', '7', '415', '150.00', '25', '32'), ('628', '2015-02-07', '7', '424', '150.00', '22', '29'), ('629', '2015-10-22', '8', '255', '205.00', '25', '36'), ('630', '2015-10-13', '6', '1', '80.00', '25', '28'), ('631', '2015-08-29', '8', '467', '205.00', '35', '46'), ('632', '2015-05-27', '7', '178', '150.00', '23', '30'), ('633', '2015-06-03', '6', '26', '80.00', '23', '26'), ('634', '2015-03-19', '6', '144', '80.00', '22', '25'), ('635', '2015-01-30', '8', '270', '205.00', '22', '33'), ('636', '2015-10-12', '8', '393', '205.00', '25', '36'), ('637', '2015-01-04', '8', '53', '205.00', '27', '38'), ('638', '2015-02-06', '8', '69', '205.00', '22', '33'), ('639', '2015-08-27', '5', '205', '40.00', '30', '31'), ('640', '2015-09-08', '6', '397', '80.00', '24', '27'), ('641', '2015-04-06', '7', '234', '150.00', '23', '30'), ('642', '2015-09-29', '7', '310', '150.00', '24', '31'), ('643', '2015-02-26', '5', '190', '40.00', '22', '23'), ('644', '2015-02-10', '8', '305', '205.00', '26', '37'), ('645', '2015-10-21', '7', '358', '150.00', '25', '32'), ('646', '2015-04-14', '7', '115', '150.00', '27', '34'), ('647', '2015-03-05', '6', '416', '80.00', '22', '25'), ('648', '2015-08-21', '6', '201', '80.00', '25', '28'), ('649', '2015-07-27', '6', '186', '80.00', '24', '27'), ('650', '2015-01-14', '7', '365', '150.00', '37', '44'), ('651', '2015-10-03', '8', '396', '205.00', '25', '36'), ('652', '2015-02-01', '5', '399', '40.00', '22', '23'), ('653', '2015-09-14', '6', '317', '80.00', '24', '27'), ('654', '2015-09-29', '7', '56', '150.00', '24', '31'), ('655', '2015-02-16', '6', '395', '80.00', '32', '35'), ('656', '2015-03-22', '5', '409', '40.00', '40', '41'), ('657', '2015-08-09', '7', '129', '150.00', '24', '31'), ('658', '2015-06-27', '7', '212', '150.00', '23', '30'), ('659', '2015-02-28', '7', '73', '150.00', '22', '29'), ('660', '2015-05-18', '6', '16', '80.00', '23', '26'), ('661', '2015-01-12', '7', '302', '150.00', '22', '29'), ('662', '2015-08-11', '6', '105', '80.00', '24', '27'), ('663', '2015-03-27', '8', '140', '205.00', '22', '33'), ('664', '2015-07-08', '5', '171', '40.00', '24', '25'), ('665', '2015-09-04', '7', '330', '150.00', '24', '31'), ('666', '2015-02-05', '6', '341', '80.00', '22', '25'), ('667', '2015-04-13', '5', '459', '40.00', '23', '24'), ('668', '2015-09-05', '7', '8', '150.00', '24', '31'), ('669', '2015-04-28', '8', '123', '205.00', '23', '34'), ('670', '2015-08-09', '7', '112', '150.00', '24', '31'), ('671', '2015-01-11', '5', '12', '40.00', '22', '23'), ('672', '2015-05-10', '5', '342', '40.00', '23', '24'), ('673', '2015-03-26', '6', '368', '80.00', '22', '25'), ('674', '2015-09-04', '5', '305', '40.00', '24', '25'), ('675', '2015-03-18', '7', '268', '150.00', '35', '42'), ('676', '2015-07-25', '8', '39', '205.00', '24', '35'), ('677', '2015-07-18', '5', '356', '40.00', '24', '25'), ('678', '2015-10-20', '8', '21', '205.00', '25', '36'), ('679', '2015-06-18', '6', '477', '80.00', '23', '26'), ('680', '2015-06-21', '6', '294', '80.00', '23', '26'), ('681', '2015-09-28', '6', '63', '80.00', '28', '31'), ('682', '2015-01-19', '8', '296', '205.00', '22', '33'), ('683', '2015-05-20', '8', '174', '205.00', '23', '34'), ('684', '2015-07-06', '7', '257', '150.00', '24', '31'), ('685', '2015-10-07', '8', '316', '205.00', '25', '36'), ('686', '2015-07-28', '7', '204', '150.00', '24', '31'), ('687', '2015-06-16', '8', '382', '205.00', '32', '43'), ('688', '2015-02-16', '6', '366', '80.00', '26', '29'), ('689', '2015-05-08', '5', '426', '40.00', '23', '24'), ('690', '2015-07-10', '6', '393', '80.00', '37', '40'), ('691', '2015-05-14', '5', '470', '40.00', '23', '24'), ('692', '2015-07-27', '7', '254', '150.00', '24', '31'), ('693', '2015-07-01', '6', '490', '80.00', '24', '27'), ('694', '2015-02-28', '8', '452', '205.00', '25', '36'), ('695', '2015-07-16', '8', '139', '205.00', '24', '35'), ('696', '2015-08-04', '8', '326', '205.00', '24', '35'), ('697', '2015-10-19', '6', '371', '80.00', '25', '28'), ('698', '2015-08-18', '7', '280', '150.00', '24', '31'), ('699', '2015-06-14', '7', '113', '150.00', '23', '30'), ('700', '2015-01-08', '5', '135', '40.00', '22', '23'), ('701', '2015-01-05', '8', '33', '205.00', '23', '34'), ('702', '2015-08-14', '7', '55', '150.00', '24', '31'), ('703', '2015-08-10', '7', '17', '150.00', '25', '32'), ('704', '2015-01-28', '5', '175', '40.00', '24', '25'), ('705', '2015-10-06', '8', '269', '205.00', '31', '42'), ('706', '2015-07-28', '5', '237', '40.00', '24', '25'), ('707', '2015-02-06', '6', '299', '80.00', '22', '25'), ('708', '2015-05-18', '5', '279', '40.00', '28', '29'), ('709', '2015-06-02', '5', '452', '40.00', '23', '24'), ('765', '2011-06-10', '9', '115', '45.00', '10', '12'), ('766', '2012-08-28', '9', '98', '45.00', '17', '19'), ('767', '2015-04-04', '10', '175', '90.00', '33', '38'), ('768', '2012-11-21', '9', '472', '45.00', '19', '21'), ('769', '2013-09-27', '9', '51', '45.00', '24', '26'), ('770', '2010-11-01', '12', '154', '230.00', '7', '24'), ('771', '2010-08-23', '9', '395', '45.00', '5', '7'), ('772', '2010-04-17', '9', '9', '45.00', '3', '5'), ('773', '2013-02-15', '12', '427', '230.00', '41', '58'), ('774', '2012-08-13', '11', '329', '165.00', '17', '28'), ('775', '2011-12-05', '10', '476', '90.00', '13', '18'), ('776', '2013-01-10', '9', '39', '45.00', '36', '38'), ('777', '2015-04-25', '10', '247', '90.00', '33', '38'), ('778', '2014-05-25', '9', '77', '45.00', '28', '30'), ('779', '2014-05-03', '10', '218', '90.00', '28', '33'), ('780', '2011-06-09', '11', '234', '165.00', '42', '53'), ('781', '2012-02-27', '9', '297', '45.00', '46', '48'), ('782', '2015-06-01', '11', '446', '165.00', '34', '45'), ('783', '2011-05-08', '12', '193', '230.00', '10', '27'), ('784', '2014-01-29', '10', '198', '90.00', '26', '31'), ('785', '2014-06-14', '9', '386', '45.00', '47', '49'), ('786', '2015-04-08', '11', '149', '165.00', '63', '74'), ('787', '2012-02-10', '9', '162', '45.00', '14', '16'), ('788', '2014-06-15', '11', '88', '165.00', '49', '60'), ('789', '2013-03-31', '12', '392', '230.00', '21', '38'), ('790', '2013-07-01', '9', '337', '45.00', '23', '25'), ('791', '2015-07-07', '11', '169', '165.00', '35', '46'), ('792', '2014-12-20', '11', '280', '165.00', '67', '78'), ('793', '2014-12-05', '10', '304', '90.00', '31', '36'), ('794', '2013-10-08', '9', '295', '45.00', '24', '26'), ('795', '2015-09-19', '11', '435', '165.00', '36', '47'), ('796', '2014-07-30', '11', '353', '165.00', '29', '40'), ('797', '2014-03-29', '11', '74', '165.00', '27', '38'), ('798', '2012-10-10', '12', '176', '230.00', '18', '35'), ('799', '2013-12-12', '12', '35', '230.00', '25', '42'), ('800', '2013-08-20', '12', '349', '230.00', '47', '64'), ('801', '2012-12-31', '10', '165', '90.00', '19', '24'), ('802', '2010-05-02', '11', '243', '165.00', '4', '15'), ('803', '2012-08-30', '10', '314', '90.00', '17', '22'), ('804', '2013-02-19', '9', '316', '45.00', '20', '22'), ('805', '2011-01-30', '11', '453', '165.00', '8', '19'), ('806', '2011-04-13', '11', '401', '165.00', '37', '48'), ('807', '2010-06-18', '9', '255', '45.00', '41', '43'), ('808', '2015-08-16', '12', '288', '230.00', '35', '52'), ('809', '2010-08-01', '10', '58', '90.00', '5', '10'), ('810', '2014-06-11', '10', '178', '90.00', '28', '33'), ('811', '2011-04-19', '11', '274', '165.00', '38', '49'), ('812', '2011-03-19', '10', '125', '90.00', '9', '14'), ('813', '2014-09-17', '10', '97', '90.00', '54', '59'), ('814', '2014-08-02', '12', '222', '230.00', '29', '46'), ('815', '2015-01-28', '9', '201', '45.00', '32', '34'), ('816', '2013-10-24', '9', '362', '45.00', '24', '26'), ('817', '2012-11-08', '12', '401', '230.00', '19', '36'), ('818', '2013-02-01', '12', '37', '230.00', '20', '37'), ('819', '2014-09-10', '12', '400', '230.00', '51', '68'), ('820', '2015-09-17', '9', '417', '45.00', '36', '38'), ('821', '2010-06-08', '11', '38', '165.00', '4', '15'), ('822', '2014-05-08', '11', '8', '165.00', '28', '39'), ('823', '2013-07-03', '10', '233', '90.00', '23', '28'), ('824', '2011-07-02', '11', '387', '165.00', '56', '67'), ('825', '2012-04-05', '10', '348', '90.00', '15', '20'), ('826', '2015-03-22', '10', '341', '90.00', '33', '38'), ('827', '2014-06-06', '12', '188', '230.00', '64', '81'), ('828', '2010-05-20', '12', '202', '230.00', '4', '21'), ('829', '2014-08-17', '10', '114', '90.00', '41', '46'), ('830', '2015-03-28', '9', '161', '45.00', '33', '35'), ('831', '2015-09-05', '9', '357', '45.00', '36', '38'), ('832', '2014-12-16', '9', '273', '45.00', '31', '33'), ('833', '2011-12-07', '11', '356', '165.00', '13', '24'), ('834', '2013-01-13', '12', '274', '230.00', '20', '37'), ('835', '2013-01-02', '11', '63', '165.00', '20', '31'), ('836', '2011-02-10', '11', '479', '165.00', '47', '58'), ('837', '2014-02-06', '12', '159', '230.00', '26', '43'), ('838', '2011-08-09', '11', '5', '165.00', '11', '22'), ('839', '2014-08-20', '10', '217', '90.00', '29', '34'), ('840', '2012-12-22', '11', '91', '165.00', '19', '30'), ('841', '2013-04-06', '10', '415', '90.00', '21', '26'), ('842', '2012-08-02', '11', '123', '165.00', '17', '28'), ('843', '2013-06-28', '9', '70', '45.00', '22', '24'), ('844', '2014-01-23', '11', '463', '165.00', '26', '37'), ('845', '2010-06-25', '12', '39', '230.00', '39', '56'), ('846', '2015-07-17', '12', '32', '230.00', '35', '52'), ('847', '2010-01-29', '12', '374', '230.00', '2', '19'), ('848', '2015-08-05', '10', '76', '90.00', '35', '40'), ('849', '2013-12-01', '9', '245', '45.00', '25', '27'), ('850', '2013-12-08', '11', '311', '165.00', '25', '36'), ('851', '2014-08-28', '12', '386', '230.00', '29', '46'), ('852', '2010-10-14', '9', '498', '45.00', '6', '8'), ('853', '2014-02-06', '9', '408', '45.00', '41', '43'), ('854', '2014-01-11', '11', '276', '165.00', '26', '37'), ('855', '2012-11-25', '10', '394', '90.00', '19', '24'), ('856', '2014-04-04', '10', '403', '90.00', '27', '32'), ('857', '2010-03-05', '9', '148', '45.00', '3', '5'), ('858', '2014-07-27', '10', '166', '90.00', '29', '34'), ('859', '2012-10-18', '10', '31', '90.00', '18', '23'), ('860', '2010-02-02', '9', '439', '45.00', '2', '4'), ('861', '2012-03-20', '12', '454', '230.00', '15', '32'), ('862', '2014-12-19', '9', '22', '45.00', '31', '33'), ('863', '2013-11-12', '12', '226', '230.00', '25', '42'), ('864', '2013-02-10', '10', '334', '90.00', '20', '25'), ('892', '2014-07-26', '11', '236', '165.00', '29', '40'), ('893', '2015-02-23', '9', '485', '45.00', '32', '34'), ('894', '2014-10-29', '11', '234', '165.00', '30', '41'), ('895', '2015-05-04', '10', '239', '90.00', '34', '39'), ('896', '2015-07-09', '9', '430', '45.00', '35', '37'), ('897', '2014-01-14', '11', '386', '165.00', '50', '61'), ('898', '2015-03-02', '9', '410', '45.00', '33', '35'), ('899', '2014-11-06', '11', '488', '165.00', '31', '42'), ('900', '2015-02-05', '12', '188', '230.00', '46', '63'), ('901', '2015-07-28', '10', '113', '90.00', '35', '40'), ('902', '2014-11-13', '11', '144', '165.00', '31', '42'), ('903', '2014-12-06', '12', '310', '230.00', '31', '48'), ('904', '2014-09-03', '9', '293', '45.00', '30', '32'), ('905', '2015-06-08', '9', '481', '45.00', '34', '36'), ('906', '2014-05-02', '9', '461', '45.00', '28', '30'), ('907', '2015-06-24', '9', '291', '45.00', '34', '36'), ('908', '2015-06-23', '11', '346', '165.00', '34', '45'), ('909', '2014-12-26', '12', '286', '230.00', '31', '48'), ('910', '2014-05-13', '12', '297', '230.00', '28', '45'), ('911', '2014-09-27', '12', '290', '230.00', '30', '47'), ('912', '2015-04-05', '11', '417', '165.00', '39', '50'), ('913', '2014-04-03', '9', '272', '45.00', '27', '29'), ('914', '2015-02-18', '9', '270', '45.00', '32', '34'), ('915', '2014-02-23', '12', '143', '230.00', '26', '43'), ('916', '2014-04-08', '9', '267', '45.00', '27', '29'), ('917', '2015-10-22', '10', '280', '90.00', '43', '48'), ('918', '2015-05-03', '9', '444', '45.00', '34', '36'), ('919', '2015-02-19', '11', '75', '165.00', '32', '43'), ('920', '2014-01-19', '10', '219', '90.00', '26', '31'), ('921', '2015-04-04', '11', '429', '165.00', '33', '44'), ('922', '2015-09-04', '10', '424', '90.00', '36', '41'), ('923', '2014-12-28', '12', '357', '230.00', '39', '56'), ('924', '2014-07-30', '12', '57', '230.00', '29', '46'), ('925', '2014-10-24', '11', '440', '165.00', '30', '41'), ('926', '2014-06-25', '12', '208', '230.00', '28', '45'), ('927', '2014-01-09', '9', '219', '45.00', '32', '34'), ('928', '2014-08-18', '10', '235', '90.00', '29', '34'), ('929', '2014-09-05', '11', '232', '165.00', '30', '41'), ('930', '2014-06-20', '11', '222', '165.00', '47', '58'), ('931', '2014-01-26', '10', '447', '90.00', '26', '31'), ('932', '2014-07-18', '12', '479', '230.00', '29', '46'), ('933', '2014-01-06', '12', '387', '230.00', '38', '55'), ('934', '2014-08-08', '12', '478', '230.00', '29', '46'), ('935', '2015-08-17', '10', '255', '90.00', '35', '40'), ('936', '2014-09-03', '10', '39', '90.00', '30', '35'), ('937', '2015-01-10', '10', '349', '90.00', '41', '46'), ('938', '2014-07-11', '9', '189', '45.00', '29', '31'), ('939', '2014-11-14', '9', '434', '45.00', '31', '33'), ('940', '2014-02-16', '10', '474', '90.00', '26', '31'), ('941', '2015-05-25', '12', '323', '230.00', '34', '51'), ('942', '2015-03-22', '12', '97', '230.00', '36', '53'), ('943', '2014-11-03', '9', '390', '45.00', '31', '33'), ('944', '2014-05-26', '12', '389', '230.00', '28', '45'), ('945', '2014-12-09', '9', '427', '45.00', '38', '40'), ('946', '2015-06-18', '11', '342', '165.00', '34', '45'), ('947', '2015-09-24', '10', '369', '90.00', '36', '41'), ('948', '2015-05-08', '10', '30', '90.00', '34', '39'), ('949', '2014-06-25', '9', '100', '45.00', '28', '30'), ('950', '2014-12-12', '10', '21', '90.00', '31', '36'), ('951', '2014-03-04', '12', '108', '230.00', '27', '44'), ('952', '2014-05-09', '12', '364', '230.00', '28', '45'), ('953', '2015-06-04', '12', '391', '230.00', '34', '51'), ('954', '2015-07-08', '12', '280', '230.00', '49', '66'), ('955', '2014-06-17', '12', '166', '230.00', '35', '52'), ('956', '2014-10-12', '10', '147', '90.00', '48', '53'), ('957', '2015-01-31', '10', '114', '90.00', '35', '40'), ('958', '2014-11-01', '9', '400', '45.00', '48', '50'), ('959', '2014-10-13', '11', '149', '165.00', '75', '86'), ('960', '2014-12-03', '12', '127', '230.00', '31', '48'), ('961', '2014-01-30', '9', '85', '45.00', '26', '28'), ('962', '2014-09-01', '9', '307', '45.00', '53', '55'), ('963', '2015-08-09', '10', '325', '90.00', '35', '40'), ('964', '2014-10-22', '11', '25', '165.00', '30', '41'), ('965', '2015-07-07', '12', '128', '230.00', '35', '52'), ('966', '2014-01-20', '11', '387', '165.00', '26', '37'), ('967', '2015-09-02', '11', '147', '165.00', '36', '47'), ('968', '2014-01-12', '10', '477', '90.00', '26', '31'), ('969', '2014-01-17', '10', '215', '90.00', '26', '31'), ('970', '2015-09-06', '12', '149', '230.00', '45', '62'), ('971', '2015-04-19', '10', '88', '90.00', '43', '48'), ('972', '2015-01-10', '12', '239', '230.00', '40', '57'), ('973', '2015-06-22', '11', '20', '165.00', '34', '45'), ('974', '2015-06-29', '11', '242', '165.00', '34', '45'), ('975', '2015-03-23', '9', '406', '45.00', '33', '35'), ('976', '2015-07-08', '9', '88', '45.00', '40', '42'), ('977', '2014-11-14', '12', '354', '230.00', '31', '48'), ('978', '2014-08-05', '12', '437', '230.00', '29', '46'), ('979', '2014-10-29', '10', '54', '90.00', '30', '35'), ('980', '2014-10-06', '9', '446', '45.00', '46', '48'), ('981', '2015-08-17', '12', '307', '230.00', '35', '52'), ('982', '2014-08-23', '11', '408', '165.00', '29', '40'), ('983', '2014-03-05', '12', '341', '230.00', '39', '56'), ('984', '2015-08-31', '10', '79', '90.00', '35', '40'), ('985', '2015-06-16', '12', '346', '230.00', '46', '63'), ('986', '2014-06-15', '10', '120', '90.00', '28', '33'), ('987', '2015-03-06', '12', '335', '230.00', '33', '50'), ('988', '2014-12-26', '12', '373', '230.00', '31', '48'), ('989', '2015-03-21', '9', '456', '45.00', '33', '35'), ('990', '2014-09-24', '10', '441', '90.00', '30', '35'), ('991', '2014-05-04', '12', '400', '230.00', '69', '86'), ('1019', '2014-12-20', '13', '16', '100.00', '15', '16'), ('1020', '2011-07-07', '15', '296', '300.00', '19', '24'), ('1021', '2011-01-16', '15', '128', '300.00', '19', '24'), ('1022', '2014-06-10', '15', '253', '300.00', '10', '15'), ('1023', '2011-09-12', '14', '54', '200.00', '5', '8'), ('1024', '2014-12-08', '14', '465', '200.00', '11', '14'), ('1025', '2014-01-02', '14', '103', '200.00', '10', '13'), ('1026', '2013-07-07', '14', '235', '200.00', '15', '18'), ('1027', '2011-04-26', '13', '14', '100.00', '4', '5'), ('1028', '2010-08-02', '14', '240', '200.00', '3', '6'), ('1029', '2013-11-30', '13', '457', '100.00', '19', '20'), ('1030', '2010-09-30', '14', '171', '200.00', '3', '6'), ('1031', '2012-02-18', '15', '117', '300.00', '18', '23'), ('1032', '2013-12-03', '13', '360', '100.00', '9', '10'), ('1033', '2012-04-19', '13', '242', '100.00', '18', '19'), ('1034', '2011-09-09', '13', '459', '100.00', '14', '15'), ('1035', '2011-11-23', '15', '242', '300.00', '20', '25'), ('1036', '2015-10-18', '15', '268', '300.00', '13', '18'), ('1037', '2011-05-12', '15', '235', '300.00', '19', '24'), ('1038', '2013-12-22', '15', '198', '300.00', '9', '14'), ('1039', '2010-01-21', '14', '373', '200.00', '20', '23'), ('1040', '2014-07-20', '14', '256', '200.00', '11', '14'), ('1041', '2011-11-19', '13', '251', '100.00', '14', '15'), ('1042', '2011-11-27', '13', '320', '100.00', '22', '23'), ('1043', '2014-02-06', '15', '140', '300.00', '10', '15'), ('1044', '2014-11-28', '14', '300', '200.00', '11', '14'), ('1045', '2014-03-02', '14', '164', '200.00', '10', '13'), ('1046', '2013-09-30', '15', '385', '300.00', '17', '22'), ('1047', '2014-03-08', '13', '349', '100.00', '10', '11'), ('1048', '2011-08-24', '15', '287', '300.00', '5', '10'), ('1049', '2013-03-06', '15', '304', '300.00', '8', '13'), ('1050', '2010-09-05', '15', '192', '300.00', '3', '8'), ('1051', '2010-04-05', '15', '373', '300.00', '14', '19'), ('1052', '2010-03-13', '15', '91', '300.00', '2', '7'), ('1053', '2015-04-05', '15', '274', '300.00', '20', '25'), ('1054', '2011-08-09', '13', '94', '100.00', '5', '6'), ('1055', '2010-10-30', '13', '444', '100.00', '3', '4'), ('1056', '2010-05-22', '13', '183', '100.00', '2', '3'), ('1057', '2013-01-30', '13', '42', '100.00', '8', '9'), ('1058', '2010-04-14', '14', '282', '200.00', '2', '5'), ('1059', '2015-04-21', '13', '106', '100.00', '20', '21'), ('1060', '2012-09-06', '15', '134', '300.00', '7', '12'), ('1061', '2012-03-30', '13', '223', '100.00', '14', '15'), ('1062', '2011-04-05', '15', '5', '300.00', '16', '21'), ('1063', '2014-01-09', '14', '417', '200.00', '20', '23'), ('1064', '2012-11-20', '14', '172', '200.00', '7', '10'), ('1065', '2010-04-06', '15', '66', '300.00', '13', '18'), ('1066', '2015-05-23', '14', '71', '200.00', '12', '15'), ('1067', '2013-06-14', '15', '258', '300.00', '18', '23'), ('1068', '2013-02-10', '13', '207', '100.00', '19', '20'), ('1069', '2011-04-04', '15', '241', '300.00', '20', '25'), ('1070', '2011-02-21', '13', '128', '100.00', '17', '18'), ('1071', '2012-09-30', '13', '6', '100.00', '7', '8'), ('1072', '2014-07-04', '13', '66', '100.00', '11', '12'), ('1073', '2012-08-26', '15', '227', '300.00', '7', '12'), ('1074', '2011-06-22', '13', '110', '100.00', '21', '22'), ('1075', '2014-07-24', '14', '331', '200.00', '21', '24'), ('1076', '2014-08-20', '13', '286', '100.00', '17', '18'), ('1077', '2015-07-06', '15', '448', '300.00', '13', '18'), ('1078', '2013-06-09', '13', '121', '100.00', '8', '9'), ('1079', '2015-04-01', '14', '259', '200.00', '12', '15'), ('1080', '2011-04-09', '13', '225', '100.00', '16', '17'), ('1081', '2010-01-26', '15', '330', '300.00', '2', '7'), ('1082', '2014-01-01', '15', '57', '300.00', '10', '15'), ('1083', '2013-01-30', '15', '158', '300.00', '8', '13'), ('1084', '2011-11-27', '14', '18', '200.00', '5', '8'), ('1085', '2012-10-01', '13', '422', '100.00', '7', '8'), ('1086', '2014-02-08', '14', '305', '200.00', '10', '13'), ('1087', '2014-08-06', '15', '428', '300.00', '29', '34'), ('1088', '2015-04-24', '14', '389', '200.00', '12', '15'), ('1089', '2014-03-14', '14', '114', '200.00', '10', '13'), ('1090', '2014-05-11', '14', '137', '200.00', '10', '13'), ('1091', '2014-04-25', '13', '339', '100.00', '16', '17'), ('1092', '2013-11-06', '15', '84', '300.00', '19', '24'), ('1093', '2014-06-20', '15', '245', '300.00', '10', '15'), ('1094', '2011-11-05', '15', '251', '300.00', '16', '21'), ('1095', '2014-09-06', '14', '390', '200.00', '11', '14'), ('1096', '2015-05-05', '13', '221', '100.00', '12', '13'), ('1097', '2014-02-21', '13', '425', '100.00', '10', '11'), ('1098', '2011-05-19', '14', '35', '200.00', '14', '17'), ('1099', '2011-03-27', '14', '396', '200.00', '4', '7'), ('1100', '2011-07-08', '13', '181', '100.00', '19', '20'), ('1101', '2013-05-31', '13', '482', '100.00', '8', '9'), ('1102', '2012-09-26', '13', '160', '100.00', '7', '8'), ('1103', '2013-10-26', '15', '384', '300.00', '9', '14'), ('1104', '2011-03-25', '14', '316', '200.00', '4', '7'), ('1105', '2010-09-17', '13', '406', '100.00', '3', '4'), ('1106', '2010-12-13', '13', '353', '100.00', '3', '4'), ('1107', '2011-05-17', '15', '222', '300.00', '4', '9'), ('1108', '2012-02-17', '15', '36', '300.00', '6', '11'), ('1109', '2010-09-25', '15', '433', '300.00', '3', '8'), ('1110', '2013-04-25', '15', '35', '300.00', '8', '13'), ('1111', '2011-09-01', '14', '337', '200.00', '5', '8'), ('1112', '2014-10-21', '13', '238', '100.00', '11', '12'), ('1113', '2012-12-30', '14', '184', '200.00', '7', '10'), ('1114', '2012-10-30', '15', '276', '300.00', '19', '24'), ('1115', '2015-01-16', '13', '477', '100.00', '12', '13'), ('1116', '2015-01-02', '13', '310', '100.00', '12', '13'), ('1117', '2014-05-23', '13', '298', '100.00', '10', '11'), ('1118', '2012-10-04', '14', '120', '200.00', '18', '21'), ('1146', '2015-09-23', '15', '331', '300.00', '15', '20'), ('1147', '2015-10-08', '13', '361', '100.00', '13', '14'), ('1148', '2015-08-10', '15', '9', '300.00', '13', '18'), ('1149', '2015-10-14', '15', '65', '300.00', '13', '18'), ('1150', '2015-05-02', '14', '80', '200.00', '19', '22'), ('1151', '2015-02-01', '13', '427', '100.00', '12', '13'), ('1152', '2015-03-14', '13', '197', '100.00', '12', '13'), ('1153', '2015-08-20', '14', '143', '200.00', '13', '16'), ('1154', '2015-09-29', '13', '440', '100.00', '13', '14'), ('1155', '2015-09-17', '14', '411', '200.00', '13', '16'), ('1156', '2015-03-23', '13', '235', '100.00', '13', '14'), ('1157', '2015-09-30', '15', '491', '300.00', '13', '18'), ('1158', '2015-07-22', '13', '233', '100.00', '13', '14'), ('1159', '2015-08-25', '15', '213', '300.00', '13', '18'), ('1160', '2015-10-10', '15', '296', '300.00', '13', '18'), ('1161', '2015-09-14', '14', '302', '200.00', '13', '16'), ('1162', '2015-09-29', '14', '395', '200.00', '13', '16'), ('1163', '2015-08-23', '15', '159', '300.00', '13', '18'), ('1164', '2015-09-24', '15', '293', '300.00', '13', '18'), ('1165', '2015-06-02', '15', '117', '300.00', '12', '17'), ('1166', '2015-07-25', '15', '487', '300.00', '13', '18'), ('1167', '2015-01-09', '14', '191', '200.00', '18', '21'), ('1168', '2015-10-06', '15', '383', '300.00', '13', '18'), ('1169', '2015-08-11', '13', '175', '100.00', '13', '14'), ('1170', '2015-08-22', '14', '181', '200.00', '13', '16'), ('1171', '2015-03-23', '13', '176', '100.00', '12', '13'), ('1172', '2015-03-10', '13', '299', '100.00', '17', '18'), ('1173', '2015-01-03', '15', '417', '300.00', '14', '19'), ('1174', '2015-02-10', '13', '90', '100.00', '12', '13'), ('1175', '2015-07-27', '14', '474', '200.00', '13', '16'), ('1176', '2015-08-26', '13', '383', '100.00', '19', '20'), ('1177', '2015-09-22', '13', '288', '100.00', '13', '14'), ('1178', '2015-05-15', '13', '448', '100.00', '19', '20'), ('1179', '2015-09-19', '14', '421', '200.00', '13', '16'), ('1180', '2015-05-21', '15', '241', '300.00', '14', '19'), ('1181', '2015-01-06', '14', '65', '200.00', '19', '22'), ('1182', '2015-07-29', '13', '98', '100.00', '13', '14'), ('1183', '2015-09-11', '13', '362', '100.00', '13', '14'), ('1184', '2015-07-05', '14', '239', '200.00', '13', '16'), ('1185', '2015-05-01', '15', '120', '300.00', '12', '17'), ('1186', '2015-07-10', '13', '315', '100.00', '17', '18'), ('1187', '2015-08-23', '15', '149', '300.00', '13', '18'), ('1188', '2015-09-10', '14', '426', '200.00', '13', '16'), ('1189', '2015-08-28', '14', '453', '200.00', '13', '16'), ('1190', '2015-02-22', '14', '415', '200.00', '12', '15'), ('1191', '2015-09-26', '15', '31', '300.00', '13', '18'), ('1192', '2015-05-05', '14', '9', '200.00', '19', '22'), ('1193', '2015-03-12', '14', '249', '200.00', '19', '22'), ('1194', '2015-01-05', '13', '149', '100.00', '19', '20'), ('1195', '2015-07-07', '15', '451', '300.00', '13', '18'), ('1196', '2015-04-30', '13', '247', '100.00', '12', '13'), ('1197', '2015-06-27', '15', '481', '300.00', '12', '17'), ('1198', '2015-09-28', '14', '437', '200.00', '13', '16'), ('1199', '2015-07-14', '13', '378', '100.00', '13', '14'), ('1200', '2015-01-06', '15', '257', '300.00', '12', '17'), ('1201', '2015-02-16', '13', '152', '100.00', '12', '13'), ('1202', '2015-07-07', '14', '7', '200.00', '13', '16'), ('1203', '2015-05-24', '14', '498', '200.00', '12', '15'), ('1204', '2015-09-08', '15', '15', '300.00', '13', '18'), ('1205', '2015-08-01', '13', '355', '100.00', '13', '14'), ('1206', '2015-10-06', '15', '163', '300.00', '13', '18'), ('1207', '2015-10-21', '15', '80', '300.00', '13', '18'), ('1208', '2015-09-11', '14', '258', '200.00', '14', '17'), ('1209', '2015-09-26', '13', '202', '100.00', '13', '14'), ('1210', '2015-05-08', '13', '181', '100.00', '17', '18'), ('1211', '2015-02-09', '14', '162', '200.00', '12', '15'), ('1212', '2015-04-18', '15', '239', '300.00', '17', '22'), ('1213', '2015-02-20', '15', '161', '300.00', '12', '17'), ('1214', '2015-01-24', '15', '242', '300.00', '12', '17'), ('1215', '2015-04-14', '13', '2', '100.00', '12', '13'), ('1216', '2015-03-31', '14', '5', '200.00', '12', '15'), ('1217', '2015-04-15', '15', '7', '300.00', '17', '22'), ('1218', '2015-05-06', '14', '127', '200.00', '12', '15'), ('1219', '2015-02-02', '15', '263', '300.00', '12', '17'), ('1220', '2015-06-14', '15', '276', '300.00', '13', '18'), ('1221', '2015-02-28', '15', '123', '300.00', '12', '17'), ('1222', '2015-07-20', '15', '264', '300.00', '13', '18'), ('1223', '2015-04-24', '13', '452', '100.00', '12', '13'), ('1224', '2015-02-06', '13', '459', '100.00', '12', '13'), ('1225', '2015-02-28', '13', '251', '100.00', '12', '13'), ('1226', '2015-06-28', '13', '56', '100.00', '12', '13'), ('1227', '2015-05-20', '15', '483', '300.00', '12', '17'), ('1228', '2015-01-11', '15', '124', '300.00', '16', '21'), ('1229', '2015-03-24', '13', '200', '100.00', '12', '13'), ('1230', '2015-09-14', '14', '79', '200.00', '13', '16'), ('1231', '2015-08-06', '14', '297', '200.00', '13', '16'), ('1232', '2015-01-30', '14', '339', '200.00', '12', '15'), ('1233', '2015-07-24', '13', '274', '100.00', '18', '19'), ('1234', '2015-01-27', '13', '400', '100.00', '19', '20'), ('1235', '2015-04-10', '13', '350', '100.00', '12', '13'), ('1236', '2015-07-25', '13', '135', '100.00', '13', '14'), ('1237', '2015-06-24', '15', '106', '300.00', '14', '19'), ('1238', '2015-02-14', '15', '24', '300.00', '12', '17'), ('1239', '2015-10-02', '13', '255', '100.00', '13', '14'), ('1240', '2015-09-15', '14', '286', '200.00', '13', '16'), ('1241', '2015-09-15', '14', '388', '200.00', '13', '16'), ('1242', '2015-04-23', '13', '499', '100.00', '12', '13'), ('1243', '2015-02-03', '13', '141', '100.00', '12', '13'), ('1244', '2015-03-12', '14', '40', '200.00', '12', '15'), ('1245', '2015-07-27', '13', '82', '100.00', '13', '14'), ('1246', '2015-08-03', '14', '41', '200.00', '15', '18'), ('1247', '2015-06-19', '13', '352', '100.00', '12', '13'), ('1248', '2015-01-29', '14', '170', '200.00', '12', '15'), ('1249', '2015-08-01', '13', '382', '100.00', '13', '14'), ('1250', '2015-07-09', '14', '467', '200.00', '13', '16'), ('1251', '2015-08-05', '15', '434', '300.00', '13', '18'), ('1252', '2015-09-27', '14', '99', '200.00', '13', '16'), ('1253', '2015-01-22', '14', '348', '200.00', '18', '21'), ('1254', '2015-05-05', '15', '73', '300.00', '12', '17'), ('1255', '2015-06-04', '13', '104', '100.00', '12', '13'), ('1256', '2015-06-02', '13', '241', '100.00', '12', '13'), ('1257', '2015-03-09', '13', '230', '100.00', '12', '13'), ('1258', '2015-07-12', '15', '89', '300.00', '13', '18'), ('1259', '2015-05-16', '14', '15', '200.00', '19', '22'), ('1260', '2015-10-08', '14', '128', '200.00', '13', '16'), ('1261', '2015-06-04', '13', '309', '100.00', '12', '13'), ('1262', '2015-03-30', '15', '471', '300.00', '12', '17'), ('1263', '2015-07-25', '15', '249', '300.00', '13', '18'), ('1264', '2015-01-12', '15', '386', '300.00', '12', '17'), ('1265', '2015-02-05', '13', '213', '100.00', '19', '20'), ('1266', '2015-04-15', '13', '145', '100.00', '19', '20'), ('1267', '2015-09-26', '15', '317', '300.00', '13', '18'), ('1268', '2015-01-04', '14', '155', '200.00', '12', '15'), ('1269', '2015-05-25', '14', '345', '200.00', '12', '15'), ('1270', '2015-06-23', '15', '126', '300.00', '12', '17'), ('1271', '2015-03-25', '13', '110', '100.00', '19', '20'), ('1272', '2015-08-09', '14', '46', '200.00', '13', '16'), ('1273', '2015-03-23', '13', '130', '100.00', '17', '18'), ('1274', '2015-04-27', '14', '454', '200.00', '12', '15'), ('1275', '2015-01-05', '15', '323', '300.00', '12', '17'), ('1276', '2015-05-15', '15', '232', '300.00', '12', '17'), ('1277', '2015-06-23', '13', '343', '100.00', '12', '13'), ('1278', '2015-06-12', '13', '373', '100.00', '12', '13'), ('1279', '2015-06-25', '14', '346', '200.00', '12', '15'), ('1280', '2015-07-29', '13', '217', '100.00', '13', '14'), ('1281', '2015-10-03', '14', '492', '200.00', '13', '16'), ('1282', '2015-10-03', '14', '204', '200.00', '13', '16'), ('1283', '2015-01-16', '13', '223', '100.00', '12', '13'), ('1284', '2015-04-26', '15', '191', '300.00', '12', '17'), ('1285', '2015-07-30', '14', '45', '200.00', '13', '16'), ('1286', '2015-04-05', '15', '168', '300.00', '12', '17'), ('1287', '2015-08-22', '14', '299', '200.00', '13', '16'), ('1288', '2015-01-13', '14', '244', '200.00', '12', '15'), ('1289', '2015-09-23', '15', '145', '300.00', '13', '18'), ('1290', '2015-01-10', '14', '368', '200.00', '12', '15'), ('1291', '2015-03-21', '15', '180', '300.00', '14', '19'), ('1292', '2015-09-28', '13', '385', '100.00', '15', '16'), ('1293', '2015-05-18', '13', '474', '100.00', '17', '18'), ('1294', '2015-07-23', '13', '64', '100.00', '13', '14'), ('1295', '2015-04-12', '15', '275', '300.00', '12', '17'), ('1296', '2015-09-16', '13', '41', '100.00', '13', '14'), ('1297', '2015-04-13', '13', '180', '100.00', '12', '13'), ('1298', '2015-04-12', '15', '371', '300.00', '12', '17'), ('1299', '2015-01-14', '13', '327', '100.00', '12', '13'), ('1300', '2015-03-12', '15', '100', '300.00', '12', '17'), ('1301', '2015-01-10', '13', '51', '100.00', '12', '13'), ('1302', '2015-06-26', '15', '193', '300.00', '12', '17'), ('1303', '2015-07-11', '14', '219', '200.00', '13', '16'), ('1304', '2015-09-17', '15', '381', '300.00', '13', '18'), ('1305', '2015-02-17', '15', '424', '300.00', '12', '17'), ('1306', '2015-07-26', '15', '318', '300.00', '13', '18'), ('1307', '2015-08-06', '14', '130', '200.00', '13', '16'), ('1308', '2015-05-21', '15', '97', '300.00', '12', '17'), ('1309', '2015-01-07', '13', '16', '100.00', '13', '14'), ('1310', '2015-05-05', '13', '237', '100.00', '12', '13'), ('1311', '2015-09-02', '15', '110', '300.00', '13', '18'), ('1312', '2015-04-20', '15', '52', '300.00', '12', '17'), ('1313', '2015-09-30', '13', '446', '100.00', '13', '14'), ('1314', '2015-09-06', '14', '105', '200.00', '13', '16'), ('1315', '2015-03-29', '13', '207', '100.00', '17', '18'), ('1316', '2015-07-08', '14', '469', '200.00', '13', '16'), ('1317', '2015-09-05', '13', '412', '100.00', '13', '14'), ('1318', '2015-03-22', '15', '364', '300.00', '12', '17'), ('1319', '2015-01-31', '14', '182', '200.00', '12', '15'), ('1320', '2015-06-06', '13', '67', '100.00', '12', '13'), ('1321', '2015-03-09', '14', '225', '200.00', '12', '15'), ('1322', '2015-02-25', '14', '398', '200.00', '12', '15'), ('1323', '2015-08-12', '15', '457', '300.00', '13', '18'), ('1324', '2015-01-21', '15', '272', '300.00', '12', '17'), ('1325', '2015-07-08', '15', '146', '300.00', '13', '18'), ('1326', '2015-01-24', '13', '421', '100.00', '17', '18'), ('1327', '2015-08-11', '13', '102', '100.00', '13', '14'), ('1328', '2015-07-05', '15', '322', '300.00', '13', '18'), ('1329', '2015-05-29', '14', '428', '200.00', '19', '22'), ('1330', '2015-07-28', '15', '400', '300.00', '13', '18'), ('1331', '2015-05-05', '15', '348', '300.00', '12', '17'), ('1332', '2015-02-11', '15', '428', '300.00', '23', '28'), ('1333', '2015-02-10', '15', '320', '300.00', '16', '21'), ('1334', '2015-01-28', '14', '124', '200.00', '12', '15'), ('1335', '2015-04-22', '14', '1', '200.00', '12', '15'), ('1336', '2015-08-16', '14', '207', '200.00', '13', '16'), ('1337', '2015-08-16', '15', '449', '300.00', '13', '18'), ('1338', '2015-05-30', '14', '320', '200.00', '12', '15'), ('1339', '2015-06-06', '15', '194', '300.00', '12', '17'), ('1340', '2015-01-26', '14', '31', '200.00', '19', '22'), ('1341', '2015-01-17', '13', '485', '100.00', '12', '13'), ('1342', '2015-06-20', '14', '84', '200.00', '15', '18'), ('1343', '2015-08-05', '14', '416', '200.00', '13', '16'), ('1344', '2015-08-12', '14', '315', '200.00', '13', '16'), ('1345', '2015-07-29', '13', '428', '100.00', '17', '18'), ('1401', '2015-01-19', '17', '282', '200.00', '12', '13'), ('1402', '2014-05-13', '17', '319', '200.00', '6', '7'), ('1403', '2012-03-26', '16', '183', '100.00', '9', '9'), ('1404', '2012-05-29', '17', '122', '200.00', '4', '5'), ('1405', '2013-01-08', '17', '25', '200.00', '5', '6'), ('1406', '2012-07-06', '16', '427', '100.00', '4', '4'), ('1407', '2012-04-24', '17', '262', '200.00', '4', '5'), ('1408', '2013-08-29', '17', '457', '200.00', '5', '6'), ('1409', '2010-07-17', '18', '99', '300.00', '2', '4'), ('1410', '2011-01-11', '16', '77', '100.00', '10', '10'), ('1411', '2014-04-20', '17', '158', '200.00', '6', '7'), ('1412', '2012-02-28', '16', '445', '100.00', '4', '4'), ('1413', '2010-12-18', '16', '301', '100.00', '9', '9'), ('1414', '2015-04-04', '18', '332', '300.00', '7', '9'), ('1415', '2010-04-01', '16', '73', '100.00', '8', '8'), ('1416', '2012-08-11', '17', '238', '200.00', '10', '11'), ('1417', '2015-07-29', '16', '132', '100.00', '7', '7'), ('1418', '2013-09-11', '16', '313', '100.00', '5', '5'), ('1419', '2011-04-08', '16', '455', '100.00', '7', '7'), ('1420', '2010-06-10', '16', '111', '100.00', '2', '2'), ('1421', '2010-11-14', '18', '433', '300.00', '2', '4'), ('1422', '2014-11-02', '18', '474', '300.00', '6', '8'), ('1423', '2013-12-22', '17', '307', '200.00', '5', '6'), ('1424', '2014-04-03', '16', '259', '100.00', '6', '6'), ('1425', '2015-01-12', '16', '454', '100.00', '10', '10'), ('1426', '2010-08-15', '16', '278', '100.00', '2', '2'), ('1427', '2012-05-14', '18', '326', '300.00', '4', '6'), ('1428', '2010-11-19', '16', '6', '100.00', '2', '2'), ('1429', '2015-08-17', '17', '221', '200.00', '7', '8'), ('1430', '2011-11-17', '18', '287', '300.00', '8', '10'), ('1431', '2010-08-20', '17', '91', '200.00', '2', '3'), ('1432', '2015-01-23', '18', '232', '300.00', '7', '9'), ('1433', '2015-09-15', '18', '434', '300.00', '7', '9'), ('1434', '2010-05-19', '16', '54', '100.00', '9', '9'), ('1435', '2011-10-26', '17', '310', '200.00', '3', '4'), ('1436', '2011-09-27', '17', '225', '200.00', '3', '4'), ('1437', '2014-10-20', '17', '81', '200.00', '6', '7'), ('1438', '2013-10-10', '18', '470', '300.00', '9', '11'), ('1439', '2015-09-09', '16', '219', '100.00', '7', '7'), ('1440', '2011-05-05', '17', '375', '200.00', '3', '4'), ('1441', '2015-04-25', '17', '378', '200.00', '7', '8'), ('1442', '2015-08-06', '17', '155', '200.00', '7', '8'), ('1443', '2014-02-06', '16', '7', '100.00', '6', '6'), ('1444', '2015-10-05', '17', '148', '200.00', '7', '8'), ('1445', '2010-05-03', '17', '119', '200.00', '2', '3'), ('1446', '2013-08-10', '18', '76', '300.00', '10', '12'), ('1447', '2011-05-07', '16', '69', '100.00', '11', '11'), ('1448', '2014-03-03', '17', '42', '200.00', '6', '7'), ('1449', '2012-03-17', '18', '449', '300.00', '4', '6');
INSERT INTO `abonnement_client` VALUES ('1450', '2012-03-18', '18', '227', '300.00', '10', '12'), ('1451', '2011-08-16', '17', '102', '200.00', '3', '4'), ('1452', '2013-09-30', '18', '201', '300.00', '10', '12'), ('1453', '2013-04-20', '17', '210', '200.00', '10', '11'), ('1454', '2012-05-22', '17', '123', '200.00', '4', '5'), ('1455', '2012-04-28', '16', '13', '100.00', '4', '4'), ('1456', '2010-09-17', '16', '372', '100.00', '8', '8'), ('1457', '2011-05-26', '18', '58', '300.00', '3', '5'), ('1458', '2014-05-19', '17', '277', '200.00', '6', '7'), ('1459', '2012-11-19', '17', '45', '200.00', '4', '5'), ('1460', '2012-09-18', '18', '422', '300.00', '10', '12'), ('1461', '2012-01-25', '18', '400', '300.00', '4', '6'), ('1462', '2014-02-12', '16', '403', '100.00', '6', '6'), ('1463', '2011-12-13', '17', '297', '200.00', '8', '9'), ('1464', '2013-04-27', '18', '61', '300.00', '11', '13'), ('1465', '2011-09-09', '16', '83', '100.00', '3', '3'), ('1466', '2011-07-27', '16', '356', '100.00', '3', '3'), ('1467', '2014-04-29', '18', '171', '300.00', '11', '13'), ('1468', '2014-09-21', '17', '437', '200.00', '6', '7'), ('1469', '2010-10-27', '17', '256', '200.00', '2', '3'), ('1470', '2012-02-13', '17', '447', '200.00', '12', '13'), ('1471', '2010-05-06', '16', '466', '100.00', '2', '2'), ('1472', '2013-06-28', '17', '455', '200.00', '5', '6'), ('1473', '2012-06-05', '18', '215', '300.00', '11', '13'), ('1474', '2014-10-25', '18', '234', '300.00', '6', '8'), ('1475', '2010-03-03', '17', '475', '200.00', '2', '3'), ('1476', '2014-09-01', '18', '301', '300.00', '6', '8'), ('1477', '2011-04-28', '18', '165', '300.00', '12', '14'), ('1478', '2010-05-14', '16', '249', '100.00', '2', '2'), ('1479', '2010-04-21', '18', '122', '300.00', '6', '8'), ('1480', '2012-07-06', '18', '291', '300.00', '4', '6'), ('1481', '2014-09-27', '18', '81', '300.00', '8', '10'), ('1482', '2013-07-06', '17', '69', '200.00', '9', '10'), ('1483', '2010-09-05', '16', '254', '100.00', '13', '13'), ('1484', '2013-03-08', '18', '436', '300.00', '10', '12'), ('1485', '2010-02-22', '16', '35', '100.00', '9', '9'), ('1486', '2014-03-05', '17', '217', '200.00', '11', '12'), ('1487', '2013-12-22', '18', '337', '300.00', '11', '13'), ('1488', '2011-10-05', '16', '194', '100.00', '11', '11'), ('1489', '2012-01-29', '18', '254', '300.00', '10', '12'), ('1490', '2011-07-04', '16', '208', '100.00', '8', '8'), ('1491', '2011-02-09', '18', '184', '300.00', '3', '5'), ('1492', '2010-12-02', '17', '325', '200.00', '2', '3'), ('1493', '2015-01-11', '18', '275', '300.00', '7', '9'), ('1494', '2011-03-11', '16', '379', '100.00', '8', '8'), ('1495', '2012-01-23', '16', '179', '100.00', '4', '4'), ('1496', '2015-02-27', '16', '10', '100.00', '7', '7'), ('1497', '2013-12-27', '16', '467', '100.00', '5', '5'), ('1498', '2015-06-10', '16', '15', '100.00', '7', '7'), ('1499', '2014-05-01', '17', '477', '200.00', '10', '11'), ('1500', '2010-08-09', '16', '17', '100.00', '9', '9'), ('1528', '2015-04-23', '18', '61', '300.00', '8', '10'), ('1529', '2015-06-05', '17', '17', '200.00', '7', '8'), ('1530', '2015-08-26', '17', '349', '200.00', '7', '8'), ('1531', '2015-06-08', '16', '296', '100.00', '7', '7'), ('1532', '2015-02-11', '18', '405', '300.00', '7', '9'), ('1533', '2015-04-25', '16', '341', '100.00', '7', '7'), ('1534', '2015-04-04', '17', '183', '200.00', '7', '8'), ('1535', '2015-01-17', '17', '295', '200.00', '8', '9'), ('1536', '2015-09-26', '16', '144', '100.00', '7', '7'), ('1537', '2015-05-03', '17', '242', '200.00', '7', '8'), ('1538', '2015-05-25', '16', '208', '100.00', '7', '7'), ('1539', '2015-07-21', '18', '195', '300.00', '7', '9'), ('1540', '2015-04-01', '18', '217', '300.00', '8', '10'), ('1541', '2015-09-02', '18', '490', '300.00', '7', '9'), ('1542', '2015-07-14', '18', '374', '300.00', '7', '9'), ('1543', '2015-06-24', '18', '153', '300.00', '7', '9'), ('1544', '2015-08-31', '17', '435', '200.00', '10', '11'), ('1545', '2015-03-22', '18', '253', '300.00', '7', '9'), ('1546', '2015-03-12', '16', '94', '100.00', '10', '10'), ('1547', '2015-04-16', '17', '11', '200.00', '7', '8'), ('1548', '2015-05-15', '16', '103', '100.00', '7', '7'), ('1549', '2015-10-12', '17', '38', '200.00', '7', '8'), ('1550', '2015-09-30', '17', '347', '200.00', '7', '8'), ('1551', '2015-07-30', '17', '422', '200.00', '7', '8'), ('1552', '2015-01-20', '17', '477', '200.00', '8', '9'), ('1553', '2015-08-09', '16', '118', '100.00', '7', '7'), ('1554', '2015-01-11', '16', '68', '100.00', '7', '7'), ('1555', '2015-01-02', '18', '484', '300.00', '7', '9'), ('1556', '2015-01-27', '16', '376', '100.00', '7', '7'), ('1557', '2015-07-10', '18', '349', '300.00', '9', '11'), ('1558', '2015-08-24', '16', '161', '100.00', '7', '7'), ('1559', '2015-08-12', '18', '94', '300.00', '7', '9'), ('1560', '2015-04-30', '16', '207', '100.00', '7', '7'), ('1561', '2015-02-18', '18', '292', '300.00', '7', '9'), ('1562', '2015-02-03', '16', '41', '100.00', '7', '7'), ('1563', '2015-03-04', '18', '340', '300.00', '7', '9'), ('1564', '2015-04-25', '17', '133', '200.00', '7', '8'), ('1565', '2015-01-10', '17', '458', '200.00', '10', '11'), ('1566', '2015-07-04', '16', '348', '100.00', '7', '7'), ('1567', '2015-05-15', '16', '52', '100.00', '7', '7'), ('1568', '2015-05-14', '17', '392', '200.00', '7', '8'), ('1569', '2015-02-15', '18', '168', '300.00', '7', '9'), ('1570', '2015-01-14', '18', '493', '300.00', '7', '9'), ('1571', '2015-09-22', '18', '124', '300.00', '7', '9'), ('1572', '2015-02-09', '18', '216', '300.00', '7', '9'), ('1573', '2015-10-02', '17', '426', '200.00', '7', '8'), ('1574', '2015-01-06', '17', '493', '200.00', '10', '11'), ('1575', '2015-03-12', '16', '200', '100.00', '7', '7'), ('1576', '2015-06-10', '18', '129', '300.00', '7', '9'), ('1577', '2015-08-08', '16', '370', '100.00', '7', '7'), ('1578', '2015-05-27', '18', '487', '300.00', '7', '9'), ('1579', '2015-07-16', '18', '465', '300.00', '9', '11'), ('1580', '2015-06-10', '17', '35', '200.00', '7', '8'), ('1581', '2015-10-15', '17', '366', '200.00', '7', '8'), ('1582', '2015-09-08', '16', '23', '100.00', '7', '7'), ('1583', '2015-06-16', '17', '257', '200.00', '8', '9'), ('1584', '2015-02-22', '18', '360', '300.00', '7', '9'), ('1585', '2015-09-01', '17', '465', '200.00', '7', '8'), ('1586', '2015-08-28', '18', '164', '300.00', '7', '9'), ('1587', '2015-03-22', '18', '268', '300.00', '7', '9'), ('1588', '2015-10-04', '16', '498', '100.00', '7', '7'), ('1589', '2015-01-05', '16', '357', '100.00', '7', '7'), ('1590', '2015-06-04', '18', '226', '300.00', '7', '9'), ('1591', '2015-10-06', '17', '213', '200.00', '7', '8'), ('1592', '2015-07-09', '18', '350', '300.00', '7', '9'), ('1593', '2015-05-03', '17', '171', '200.00', '9', '10'), ('1594', '2015-09-22', '16', '80', '100.00', '7', '7'), ('1595', '2015-02-07', '16', '239', '100.00', '7', '7'), ('1596', '2015-03-18', '16', '164', '100.00', '10', '10'), ('1597', '2015-06-04', '18', '33', '300.00', '7', '9'), ('1598', '2015-09-24', '16', '251', '100.00', '7', '7'), ('1599', '2015-10-07', '16', '470', '100.00', '8', '8'), ('1600', '2015-08-18', '18', '185', '300.00', '7', '9'), ('1601', '2015-01-07', '17', '201', '200.00', '8', '9'), ('1602', '2015-05-21', '18', '251', '300.00', '8', '10'), ('1603', '2015-05-01', '16', '215', '100.00', '7', '7'), ('1604', '2015-09-04', '16', '245', '100.00', '7', '7'), ('1605', '2015-07-26', '17', '19', '200.00', '7', '8'), ('1606', '2015-01-14', '17', '165', '200.00', '10', '11'), ('1607', '2015-05-05', '17', '12', '200.00', '7', '8'), ('1608', '2015-04-17', '17', '338', '200.00', '7', '8'), ('1609', '2015-09-04', '17', '322', '200.00', '7', '8'), ('1610', '2015-04-18', '16', '244', '100.00', '7', '7'), ('1611', '2015-09-07', '16', '355', '100.00', '9', '9'), ('1612', '2015-08-25', '17', '139', '200.00', '7', '8'), ('1613', '2015-07-03', '18', '75', '300.00', '7', '9'), ('1614', '2015-02-19', '16', '306', '100.00', '7', '7'), ('1615', '2015-05-08', '18', '22', '300.00', '7', '9'), ('1616', '2015-07-25', '16', '424', '100.00', '7', '7'), ('1617', '2015-08-02', '18', '322', '300.00', '9', '11'), ('1618', '2015-07-19', '17', '436', '200.00', '8', '9'), ('1619', '2015-08-03', '17', '245', '200.00', '8', '9'), ('1620', '2015-01-06', '16', '385', '100.00', '7', '7'), ('1621', '2015-05-13', '17', '145', '200.00', '7', '8'), ('1622', '2015-02-24', '18', '64', '300.00', '7', '9'), ('1623', '2015-04-04', '16', '113', '100.00', '7', '7'), ('1624', '2015-03-18', '17', '76', '200.00', '8', '9'), ('1625', '2015-01-20', '18', '4', '300.00', '7', '9'), ('1626', '2015-02-08', '17', '117', '200.00', '7', '8'), ('1627', '2015-01-21', '18', '417', '300.00', '7', '9'), ('1628', '2015-05-26', '16', '316', '100.00', '7', '7'), ('1629', '2015-09-17', '18', '77', '300.00', '7', '9'), ('1630', '2015-01-06', '18', '242', '300.00', '9', '11'), ('1631', '2015-06-26', '18', '406', '300.00', '7', '9'), ('1632', '2015-02-14', '17', '444', '200.00', '7', '8'), ('1633', '2015-06-21', '18', '211', '300.00', '7', '9'), ('1634', '2015-02-12', '17', '114', '200.00', '7', '8'), ('1635', '2015-07-13', '16', '85', '100.00', '7', '7'), ('1636', '2015-02-07', '18', '161', '300.00', '8', '10'), ('1637', '2015-07-15', '17', '238', '200.00', '8', '9'), ('1638', '2015-04-14', '16', '112', '100.00', '7', '7'), ('1639', '2015-07-12', '18', '321', '300.00', '7', '9'), ('1640', '2015-09-27', '16', '87', '100.00', '7', '7'), ('1641', '2015-09-27', '16', '402', '100.00', '7', '7'), ('1642', '2015-04-19', '17', '74', '200.00', '7', '8'), ('1643', '2015-03-23', '18', '448', '300.00', '7', '9'), ('1644', '2015-09-30', '16', '1', '100.00', '7', '7'), ('1645', '2015-06-25', '18', '254', '300.00', '7', '9'), ('1646', '2015-09-13', '17', '198', '200.00', '7', '8'), ('1647', '2015-08-13', '17', '9', '200.00', '7', '8'), ('1648', '2015-02-02', '18', '386', '300.00', '7', '9'), ('1649', '2015-07-24', '17', '373', '200.00', '7', '8'), ('1650', '2015-08-03', '16', '89', '100.00', '7', '7'), ('1651', '2015-06-12', '17', '2', '200.00', '7', '8'), ('1652', '2015-02-17', '16', '90', '100.00', '7', '7'), ('1653', '2015-06-06', '17', '121', '200.00', '7', '8'), ('1654', '2015-05-12', '16', '422', '100.00', '9', '9'), ('1655', '2015-05-21', '17', '348', '200.00', '8', '9'), ('1656', '2015-03-26', '17', '54', '200.00', '7', '8'), ('1657', '2015-07-15', '16', '44', '100.00', '7', '7'), ('1658', '2015-01-04', '17', '330', '200.00', '7', '8'), ('1659', '2015-02-04', '17', '8', '200.00', '7', '8'), ('1660', '2015-09-20', '16', '73', '100.00', '7', '7'), ('1661', '2015-09-20', '17', '336', '200.00', '7', '8'), ('1662', '2015-03-21', '18', '215', '300.00', '8', '10'), ('1663', '2015-08-01', '18', '282', '300.00', '9', '11'), ('1664', '2015-10-17', '16', '84', '100.00', '7', '7'), ('1665', '2015-06-06', '18', '175', '300.00', '7', '9'), ('1666', '2015-02-03', '17', '66', '200.00', '7', '8'), ('1667', '2015-08-01', '17', '28', '200.00', '7', '8'), ('1668', '2015-02-14', '17', '126', '200.00', '7', '8'), ('1669', '2015-02-12', '18', '14', '300.00', '7', '9'), ('1670', '2015-08-28', '17', '191', '200.00', '7', '8'), ('1671', '2015-01-09', '18', '266', '300.00', '7', '9'), ('1672', '2015-06-20', '18', '269', '300.00', '7', '9'), ('1673', '2015-07-28', '16', '297', '100.00', '7', '7'), ('1674', '2015-03-06', '16', '204', '100.00', '7', '7'), ('1675', '2015-07-23', '18', '428', '300.00', '7', '9'), ('1676', '2015-04-29', '18', '209', '300.00', '7', '9'), ('1677', '2015-04-03', '18', '109', '300.00', '7', '9'), ('1678', '2015-01-13', '18', '222', '300.00', '7', '9'), ('1679', '2015-08-07', '17', '320', '200.00', '7', '8'), ('1680', '2015-04-23', '17', '495', '200.00', '7', '8'), ('1681', '2015-04-19', '17', '454', '200.00', '8', '9'), ('1682', '2015-05-04', '16', '284', '100.00', '10', '10'), ('1683', '2015-05-16', '16', '322', '100.00', '12', '12'), ('1684', '2015-07-18', '17', '34', '200.00', '7', '8'), ('1685', '2015-10-20', '18', '447', '300.00', '7', '9'), ('1686', '2015-10-12', '18', '337', '300.00', '8', '10'), ('1687', '2015-05-24', '16', '324', '100.00', '7', '7'), ('1688', '2015-09-02', '18', '438', '300.00', '7', '9'), ('1689', '2015-10-11', '18', '194', '300.00', '7', '9'), ('1690', '2015-06-20', '17', '29', '200.00', '7', '8'), ('1691', '2015-07-13', '16', '295', '100.00', '7', '7'), ('1692', '2015-05-07', '18', '105', '300.00', '7', '9'), ('1693', '2015-07-01', '16', '32', '100.00', '7', '7'), ('1694', '2015-03-03', '18', '332', '300.00', '10', '12'), ('1695', '2015-10-16', '18', '435', '300.00', '7', '9'), ('1696', '2015-06-04', '16', '351', '100.00', '7', '7'), ('1697', '2015-10-23', '17', '163', '200.00', '7', '8'), ('1698', '2015-05-16', '18', '369', '300.00', '7', '9'), ('1699', '2015-07-25', '18', '284', '300.00', '7', '9'), ('1700', '2015-03-24', '18', '196', '300.00', '7', '9'), ('1701', '2015-09-12', '16', '257', '100.00', '7', '7'), ('1702', '2015-02-26', '16', '194', '100.00', '10', '10'), ('1703', '2015-01-23', '17', '459', '200.00', '7', '8'), ('1704', '2015-08-06', '18', '189', '300.00', '7', '9'), ('1705', '2015-10-03', '17', '355', '200.00', '7', '8'), ('1706', '2015-07-13', '16', '287', '100.00', '7', '7'), ('1707', '2015-07-02', '17', '479', '200.00', '7', '8'), ('1708', '2015-03-13', '16', '372', '100.00', '7', '7'), ('1709', '2015-02-16', '18', '308', '300.00', '7', '9'), ('1710', '2015-07-09', '16', '260', '100.00', '7', '7'), ('1711', '2015-02-11', '16', '343', '100.00', '7', '7'), ('1712', '2015-09-23', '18', '485', '300.00', '7', '9'), ('1713', '2015-09-27', '16', '181', '100.00', '7', '7'), ('1714', '2015-06-29', '18', '210', '300.00', '7', '9'), ('1715', '2015-05-21', '17', '447', '200.00', '10', '11'), ('1716', '2015-05-01', '18', '458', '300.00', '7', '9'), ('1717', '2015-05-02', '18', '327', '300.00', '7', '9'), ('1718', '2015-08-31', '16', '379', '100.00', '7', '7'), ('1719', '2015-06-04', '17', '44', '200.00', '8', '9'), ('1720', '2015-04-20', '16', '358', '100.00', '7', '7'), ('1721', '2015-02-25', '17', '69', '200.00', '7', '8'), ('1722', '2015-05-29', '18', '34', '300.00', '9', '11'), ('1723', '2015-02-03', '18', '227', '300.00', '7', '9'), ('1724', '2015-10-03', '17', '290', '200.00', '7', '8'), ('1725', '2015-01-19', '18', '480', '300.00', '7', '9'), ('1726', '2015-09-16', '16', '238', '100.00', '7', '7'), ('1727', '2015-04-25', '18', '165', '300.00', '7', '9'), ('1783', '2011-10-16', '20', '325', '200.00', '21', '42'), ('1784', '2012-04-02', '20', '314', '200.00', '26', '47'), ('1785', '2012-03-10', '21', '305', '280.00', '25', '57'), ('1786', '2010-05-10', '20', '455', '200.00', '6', '27'), ('1787', '2014-06-06', '20', '161', '200.00', '49', '70'), ('1788', '2012-11-30', '19', '459', '110.00', '32', '42'), ('1789', '2013-09-13', '20', '461', '200.00', '41', '62'), ('1790', '2014-11-24', '19', '292', '110.00', '53', '63'), ('1791', '2015-01-24', '21', '275', '280.00', '55', '87'), ('1792', '2014-09-24', '21', '203', '280.00', '51', '83'), ('1793', '2011-07-08', '21', '112', '280.00', '67', '99'), ('1794', '2011-09-17', '19', '96', '110.00', '88', '98'), ('1795', '2011-11-26', '20', '309', '200.00', '84', '105'), ('1796', '2012-09-28', '21', '240', '280.00', '96', '128'), ('1797', '2011-11-27', '20', '237', '200.00', '22', '43'), ('1798', '2014-11-19', '19', '217', '110.00', '75', '85'), ('1799', '2013-06-01', '19', '203', '110.00', '84', '94'), ('1800', '2012-07-14', '21', '120', '280.00', '29', '61'), ('1801', '2015-02-20', '20', '153', '200.00', '111', '132'), ('1802', '2011-01-08', '19', '175', '110.00', '85', '95'), ('1803', '2010-09-25', '20', '284', '200.00', '94', '115'), ('1804', '2012-11-08', '19', '344', '110.00', '32', '42'), ('1805', '2014-02-22', '20', '6', '200.00', '45', '66'), ('1806', '2012-08-20', '20', '108', '200.00', '29', '50'), ('1807', '2011-08-05', '19', '446', '110.00', '90', '100'), ('1808', '2013-07-05', '19', '299', '110.00', '96', '106'), ('1809', '2013-01-26', '19', '184', '110.00', '70', '80'), ('1810', '2010-11-19', '19', '338', '110.00', '11', '21'), ('1811', '2013-06-04', '19', '164', '110.00', '107', '117'), ('1812', '2012-03-15', '20', '470', '200.00', '78', '99'), ('1813', '2015-09-30', '19', '288', '110.00', '62', '72'), ('1814', '2011-03-19', '19', '328', '110.00', '15', '25'), ('1815', '2011-02-11', '20', '131', '200.00', '14', '35'), ('1816', '2013-09-17', '19', '400', '110.00', '105', '115'), ('1817', '2013-09-02', '20', '39', '200.00', '74', '95'), ('1818', '2011-10-04', '21', '192', '280.00', '70', '102'), ('1819', '2010-12-31', '20', '467', '200.00', '12', '33'), ('1820', '2013-02-10', '20', '366', '200.00', '35', '56'), ('1821', '2010-07-20', '20', '26', '200.00', '67', '88'), ('1822', '2012-12-03', '20', '416', '200.00', '33', '54'), ('1823', '2014-04-25', '19', '64', '110.00', '47', '57'), ('1824', '2015-04-29', '21', '349', '280.00', '57', '89'), ('1825', '2013-09-20', '20', '226', '200.00', '41', '62'), ('1826', '2012-11-19', '19', '418', '110.00', '32', '42'), ('1827', '2015-05-19', '20', '406', '200.00', '58', '79'), ('1828', '2010-09-08', '21', '400', '280.00', '116', '148'), ('1829', '2011-08-17', '19', '115', '110.00', '19', '29'), ('1830', '2013-01-29', '19', '9', '110.00', '115', '125'), ('1831', '2011-03-13', '19', '391', '110.00', '15', '25'), ('1832', '2010-07-05', '21', '338', '280.00', '22', '54'), ('1833', '2012-10-22', '19', '285', '110.00', '95', '105'), ('1834', '2013-01-31', '19', '341', '110.00', '90', '100'), ('1835', '2013-08-05', '19', '324', '110.00', '92', '102'), ('1836', '2012-03-30', '19', '407', '110.00', '25', '35'), ('1837', '2012-05-17', '19', '356', '110.00', '27', '37'), ('1838', '2011-02-21', '20', '126', '200.00', '91', '112'), ('1839', '2013-10-19', '20', '244', '200.00', '97', '118'), ('1840', '2011-07-04', '21', '69', '280.00', '18', '50'), ('1841', '2010-01-29', '20', '147', '200.00', '81', '102'), ('1842', '2013-04-15', '20', '202', '200.00', '95', '116'), ('1843', '2013-11-02', '21', '236', '280.00', '109', '141'), ('1844', '2014-05-29', '21', '295', '280.00', '103', '135'), ('1845', '2010-12-26', '21', '382', '280.00', '114', '146'), ('1846', '2013-06-02', '20', '47', '200.00', '83', '104'), ('1847', '2012-05-25', '20', '397', '200.00', '27', '48'), ('1848', '2011-07-08', '19', '44', '110.00', '92', '102'), ('1849', '2013-01-27', '19', '171', '110.00', '78', '88'), ('1850', '2010-11-24', '19', '329', '110.00', '104', '114'), ('1851', '2010-04-15', '20', '247', '200.00', '90', '111'), ('1852', '2013-08-31', '21', '174', '280.00', '40', '72'), ('1853', '2013-11-20', '19', '402', '110.00', '43', '53'), ('1854', '2014-11-24', '21', '265', '280.00', '53', '85'), ('1855', '2014-08-11', '19', '204', '110.00', '127', '137'), ('1856', '2014-12-16', '21', '381', '280.00', '54', '86'), ('1857', '2010-05-29', '20', '493', '200.00', '71', '92'), ('1858', '2013-07-09', '21', '311', '280.00', '83', '115'), ('1859', '2010-07-16', '20', '359', '200.00', '8', '29'), ('1860', '2010-01-13', '19', '439', '110.00', '2', '12'), ('1861', '2015-08-14', '19', '141', '110.00', '94', '104'), ('1862', '2011-09-21', '20', '386', '200.00', '20', '41'), ('1863', '2013-07-08', '19', '91', '110.00', '73', '83'), ('1864', '2011-03-06', '20', '354', '200.00', '69', '90'), ('1865', '2012-09-23', '19', '101', '110.00', '107', '117'), ('1866', '2015-04-04', '19', '300', '110.00', '57', '67'), ('1867', '2014-07-05', '21', '155', '280.00', '105', '137'), ('1868', '2011-09-14', '21', '194', '280.00', '20', '52'), ('1869', '2010-02-15', '20', '136', '200.00', '3', '24'), ('1870', '2015-10-05', '19', '111', '110.00', '63', '73'), ('1871', '2015-04-26', '20', '379', '200.00', '90', '111'), ('1872', '2010-07-25', '19', '332', '110.00', '8', '18'), ('1873', '2010-10-26', '20', '246', '200.00', '80', '101'), ('1874', '2011-06-02', '19', '470', '110.00', '100', '110'), ('1875', '2013-11-25', '19', '152', '110.00', '43', '53'), ('1876', '2014-08-01', '21', '430', '280.00', '50', '82'), ('1877', '2014-01-20', '21', '193', '280.00', '88', '120'), ('1878', '2011-02-16', '21', '319', '280.00', '70', '102'), ('1879', '2011-08-17', '21', '53', '280.00', '77', '109'), ('1880', '2014-01-22', '21', '320', '280.00', '132', '164'), ('1881', '2012-12-08', '20', '443', '200.00', '33', '54'), ('1882', '2012-12-07', '21', '437', '280.00', '99', '131'), ('1910', '2015-08-06', '21', '284', '280.00', '61', '93'), ('1911', '2015-06-15', '21', '168', '280.00', '59', '91'), ('1912', '2015-04-20', '19', '61', '110.00', '57', '67'), ('1913', '2015-05-25', '21', '296', '280.00', '84', '116'), ('1914', '2015-05-16', '19', '205', '110.00', '96', '106'), ('1915', '2015-03-17', '20', '157', '200.00', '57', '78'), ('1916', '2015-08-22', '20', '473', '200.00', '61', '82'), ('1917', '2015-02-06', '19', '164', '110.00', '96', '106'), ('1918', '2015-02-23', '19', '112', '110.00', '56', '66'), ('1919', '2015-04-21', '21', '412', '280.00', '57', '89'), ('1920', '2015-04-10', '19', '429', '110.00', '57', '67'), ('1921', '2015-10-02', '20', '304', '200.00', '63', '84'), ('1922', '2015-06-02', '21', '447', '280.00', '59', '91'), ('1923', '2015-06-05', '19', '408', '110.00', '93', '103'), ('1924', '2015-07-16', '19', '123', '110.00', '60', '70'), ('1925', '2015-01-31', '19', '311', '110.00', '72', '82'), ('1926', '2015-09-20', '19', '249', '110.00', '62', '72'), ('1927', '2015-01-19', '21', '254', '280.00', '55', '87'), ('1928', '2015-07-06', '20', '113', '200.00', '94', '115'), ('1929', '2015-08-10', '21', '400', '280.00', '61', '93'), ('1930', '2015-06-28', '20', '147', '200.00', '59', '80'), ('1931', '2015-10-10', '20', '367', '200.00', '63', '84'), ('1932', '2015-04-21', '20', '165', '200.00', '57', '78'), ('1933', '2015-03-15', '20', '138', '200.00', '68', '89'), ('1934', '2015-07-26', '21', '9', '280.00', '60', '92'), ('1935', '2015-03-06', '20', '352', '200.00', '91', '112'), ('1936', '2015-09-26', '19', '177', '110.00', '62', '72'), ('1937', '2015-03-08', '20', '77', '200.00', '92', '113'), ('1938', '2015-04-18', '21', '241', '280.00', '57', '89'), ('1939', '2015-03-09', '19', '49', '110.00', '115', '125'), ('1940', '2015-04-18', '19', '196', '110.00', '57', '67'), ('1941', '2015-10-17', '21', '299', '280.00', '63', '95'), ('1942', '2015-06-30', '20', '38', '200.00', '59', '80'), ('1943', '2015-05-24', '21', '352', '280.00', '58', '90'), ('1944', '2015-08-02', '21', '306', '280.00', '61', '93'), ('1945', '2015-06-07', '19', '319', '110.00', '59', '69'), ('1946', '2015-06-29', '19', '184', '110.00', '59', '69'), ('1947', '2015-04-01', '21', '345', '280.00', '57', '89'), ('1948', '2015-08-18', '21', '185', '280.00', '61', '93'), ('1949', '2015-07-31', '20', '146', '200.00', '60', '81'), ('1950', '2015-02-10', '21', '452', '280.00', '56', '88'), ('1951', '2015-01-07', '20', '65', '200.00', '55', '76'), ('1952', '2015-03-04', '19', '444', '110.00', '57', '67'), ('1953', '2015-04-13', '20', '272', '200.00', '57', '78'), ('1954', '2015-02-21', '19', '16', '110.00', '56', '66'), ('1955', '2015-04-17', '20', '390', '200.00', '57', '78'), ('1956', '2015-09-04', '20', '362', '200.00', '62', '83'), ('1957', '2015-10-23', '21', '153', '280.00', '78', '110'), ('1958', '2015-07-13', '21', '182', '280.00', '60', '92'), ('1959', '2015-01-21', '20', '80', '200.00', '55', '76'), ('1960', '2015-03-01', '19', '267', '110.00', '57', '67'), ('1961', '2015-04-15', '19', '81', '110.00', '93', '103'), ('1962', '2015-06-29', '21', '382', '280.00', '59', '91'), ('1963', '2015-09-08', '20', '413', '200.00', '62', '83'), ('1964', '2015-06-23', '19', '228', '110.00', '59', '69'), ('1965', '2015-06-12', '19', '192', '110.00', '59', '69'), ('1966', '2015-07-31', '20', '490', '200.00', '60', '81'), ('1967', '2015-10-14', '21', '98', '280.00', '63', '95'), ('1968', '2015-07-25', '21', '329', '280.00', '60', '92'), ('1969', '2015-08-05', '21', '435', '280.00', '61', '93'), ('1970', '2015-09-13', '21', '395', '280.00', '62', '94'), ('1971', '2015-04-07', '19', '329', '110.00', '93', '103'), ('1972', '2015-01-29', '19', '25', '110.00', '55', '65'), ('1973', '2015-01-05', '19', '181', '110.00', '55', '65'), ('1974', '2015-06-17', '21', '77', '280.00', '59', '91'), ('1975', '2015-04-28', '19', '230', '110.00', '57', '67'), ('1976', '2015-07-04', '20', '310', '200.00', '60', '81'), ('1977', '2015-03-22', '21', '326', '280.00', '82', '114'), ('1978', '2015-03-14', '19', '326', '110.00', '115', '125'), ('1979', '2015-07-11', '20', '200', '200.00', '60', '81'), ('1980', '2015-05-15', '21', '105', '280.00', '58', '90'), ('1981', '2015-02-04', '19', '26', '110.00', '56', '66'), ('1982', '2015-04-21', '19', '313', '110.00', '57', '67'), ('1983', '2015-02-18', '21', '172', '280.00', '56', '88'), ('1984', '2015-01-13', '19', '80', '110.00', '77', '87'), ('1985', '2015-04-10', '21', '484', '280.00', '57', '89'), ('1986', '2015-05-14', '19', '126', '110.00', '58', '68'), ('1987', '2015-01-30', '21', '96', '280.00', '55', '87'), ('1988', '2015-08-27', '20', '342', '200.00', '61', '82'), ('1989', '2015-02-04', '19', '195', '110.00', '95', '105'), ('1990', '2015-02-11', '20', '301', '200.00', '56', '77'), ('1991', '2015-07-19', '21', '81', '280.00', '60', '92'), ('1992', '2015-08-29', '21', '327', '280.00', '61', '93'), ('1993', '2015-03-04', '20', '170', '200.00', '57', '78'), ('1994', '2015-03-18', '19', '298', '110.00', '84', '94'), ('1995', '2015-01-01', '20', '59', '200.00', '55', '76'), ('1996', '2015-07-08', '21', '163', '280.00', '84', '116'), ('1997', '2015-05-16', '20', '84', '200.00', '58', '79'), ('1998', '2015-09-30', '20', '141', '200.00', '72', '93'), ('1999', '2015-01-14', '21', '25', '280.00', '66', '98'), ('2000', '2015-01-14', '21', '24', '280.00', '55', '87'), ('2001', '2015-08-10', '21', '88', '280.00', '61', '93'), ('2002', '2015-03-26', '20', '52', '200.00', '57', '78'), ('2003', '2015-05-08', '19', '11', '110.00', '58', '68'), ('2004', '2015-04-19', '19', '322', '110.00', '57', '67'), ('2005', '2015-04-02', '21', '145', '280.00', '57', '89'), ('2006', '2015-08-30', '21', '362', '280.00', '84', '116'), ('2007', '2015-06-10', '20', '1', '200.00', '59', '80'), ('2008', '2015-01-29', '21', '320', '280.00', '77', '109'), ('2009', '2015-08-11', '20', '331', '200.00', '61', '82'), ('2010', '2015-05-25', '21', '21', '280.00', '58', '90'), ('2011', '2015-09-06', '20', '296', '200.00', '62', '83'), ('2012', '2015-07-15', '20', '49', '200.00', '60', '81'), ('2013', '2015-02-22', '21', '101', '280.00', '74', '106'), ('2014', '2015-06-19', '21', '293', '280.00', '59', '91'), ('2015', '2015-06-29', '20', '127', '200.00', '59', '80'), ('2016', '2015-10-06', '21', '54', '280.00', '63', '95'), ('2017', '2015-05-20', '20', '111', '200.00', '74', '95'), ('2018', '2015-05-15', '20', '395', '200.00', '95', '116'), ('2019', '2015-04-04', '21', '341', '280.00', '57', '89'), ('2020', '2015-03-25', '21', '244', '280.00', '64', '96'), ('2021', '2015-06-14', '19', '343', '110.00', '59', '69'), ('2022', '2015-07-24', '19', '179', '110.00', '60', '70'), ('2023', '2015-08-13', '20', '74', '200.00', '61', '82'), ('2024', '2015-06-03', '21', '134', '280.00', '59', '91'), ('2025', '2015-07-14', '20', '326', '200.00', '60', '81'), ('2026', '2015-05-20', '21', '404', '280.00', '58', '90'), ('2027', '2015-01-07', '20', '53', '200.00', '55', '76'), ('2028', '2015-02-28', '21', '114', '280.00', '56', '88'), ('2029', '2015-08-18', '20', '162', '200.00', '73', '94'), ('2030', '2015-10-02', '20', '86', '200.00', '63', '84'), ('2031', '2015-09-29', '20', '361', '200.00', '62', '83'), ('2032', '2015-04-14', '20', '488', '200.00', '71', '92'), ('2033', '2015-01-13', '19', '487', '110.00', '55', '65'), ('2034', '2015-09-04', '21', '285', '280.00', '62', '94'), ('2035', '2015-08-13', '20', '291', '200.00', '61', '82'), ('2036', '2015-06-24', '20', '155', '200.00', '83', '104'), ('2037', '2015-08-09', '19', '340', '110.00', '61', '71'), ('2038', '2015-07-29', '20', '458', '200.00', '73', '94'), ('2039', '2015-04-10', '20', '259', '200.00', '57', '78'), ('2040', '2015-08-22', '19', '40', '110.00', '61', '71'), ('2041', '2015-10-09', '19', '101', '110.00', '63', '73'), ('2042', '2015-10-02', '20', '208', '200.00', '63', '84'), ('2043', '2015-05-27', '20', '295', '200.00', '81', '102'), ('2044', '2015-04-30', '21', '282', '280.00', '57', '89'), ('2045', '2015-05-31', '21', '200', '280.00', '93', '125'), ('2046', '2015-02-02', '20', '42', '200.00', '56', '77'), ('2047', '2015-08-11', '20', '135', '200.00', '61', '82'), ('2048', '2015-05-13', '21', '437', '280.00', '66', '98'), ('2049', '2015-05-23', '21', '49', '280.00', '82', '114'), ('2050', '2015-05-13', '20', '210', '200.00', '58', '79'), ('2051', '2015-05-27', '20', '204', '200.00', '94', '115'), ('2052', '2015-08-31', '21', '497', '280.00', '61', '93'), ('2053', '2015-10-08', '19', '251', '110.00', '63', '73'), ('2054', '2015-04-04', '20', '13', '200.00', '57', '78'), ('2055', '2015-03-01', '21', '494', '280.00', '57', '89'), ('2056', '2015-06-11', '20', '355', '200.00', '59', '80'), ('2057', '2015-04-03', '20', '166', '200.00', '57', '78'), ('2058', '2015-02-10', '21', '451', '280.00', '56', '88'), ('2059', '2015-09-16', '19', '162', '110.00', '62', '72'), ('2060', '2015-04-08', '19', '337', '110.00', '57', '67'), ('2061', '2015-07-22', '19', '449', '110.00', '60', '70'), ('2062', '2015-02-10', '20', '126', '200.00', '69', '90'), ('2063', '2015-02-24', '20', '383', '200.00', '56', '77'), ('2064', '2015-05-18', '20', '9', '200.00', '93', '114'), ('2065', '2015-05-08', '21', '240', '280.00', '63', '95'), ('2066', '2015-07-26', '19', '212', '110.00', '84', '94'), ('2067', '2015-08-10', '20', '270', '200.00', '61', '82'), ('2068', '2015-03-17', '21', '446', '280.00', '57', '89'), ('2069', '2015-04-20', '21', '330', '280.00', '57', '89'), ('2070', '2015-04-03', '19', '4', '110.00', '57', '67'), ('2071', '2015-07-09', '21', '491', '280.00', '60', '92'), ('2072', '2015-06-30', '21', '225', '280.00', '59', '91'), ('2073', '2015-09-26', '19', '441', '110.00', '62', '72'), ('2074', '2015-03-10', '19', '460', '110.00', '57', '67'), ('2075', '2015-02-24', '21', '84', '280.00', '80', '112'), ('2076', '2015-08-16', '19', '2', '110.00', '61', '71'), ('2077', '2015-05-20', '20', '306', '200.00', '105', '126'), ('2078', '2015-01-25', '20', '320', '200.00', '110', '131'), ('2079', '2015-01-09', '21', '413', '280.00', '84', '116'), ('2080', '2015-06-17', '20', '396', '200.00', '59', '80'), ('2081', '2015-08-11', '20', '189', '200.00', '61', '82'), ('2082', '2015-10-19', '21', '420', '280.00', '63', '95'), ('2083', '2015-04-13', '19', '253', '110.00', '57', '67'), ('2084', '2015-02-18', '20', '470', '200.00', '56', '77'), ('2085', '2015-07-22', '19', '488', '110.00', '60', '70'), ('2086', '2015-09-10', '21', '392', '280.00', '62', '94'), ('2087', '2015-03-12', '19', '106', '110.00', '57', '67'), ('2088', '2015-05-04', '20', '187', '200.00', '58', '79'), ('2089', '2015-09-19', '20', '163', '200.00', '62', '83'), ('2090', '2015-03-07', '20', '41', '200.00', '57', '78'), ('2091', '2015-02-28', '19', '405', '110.00', '56', '66'), ('2092', '2015-07-25', '19', '306', '110.00', '94', '104'), ('2093', '2015-09-05', '20', '298', '200.00', '62', '83'), ('2094', '2015-09-03', '21', '307', '280.00', '62', '94'), ('2095', '2015-01-07', '19', '373', '110.00', '55', '65'), ('2096', '2015-08-04', '21', '113', '280.00', '61', '93'), ('2097', '2015-02-27', '19', '50', '110.00', '56', '66'), ('2098', '2015-03-25', '20', '345', '200.00', '90', '111'), ('2099', '2015-03-25', '19', '138', '110.00', '57', '67'), ('2100', '2015-06-24', '20', '449', '200.00', '71', '92'), ('2101', '2015-01-15', '21', '288', '280.00', '95', '127'), ('2102', '2015-05-27', '19', '361', '110.00', '84', '94'), ('2103', '2015-06-24', '20', '489', '200.00', '59', '80'), ('2104', '2015-04-09', '20', '483', '200.00', '57', '78'), ('2105', '2015-07-12', '19', '39', '110.00', '63', '73'), ('2106', '2015-04-03', '21', '247', '280.00', '57', '89'), ('2107', '2015-06-05', '20', '72', '200.00', '59', '80'), ('2108', '2015-10-04', '21', '164', '280.00', '63', '95'), ('2109', '2015-04-18', '19', '193', '110.00', '77', '87'), ('2110', '2015-06-10', '20', '85', '200.00', '59', '80'), ('2111', '2015-04-04', '19', '236', '110.00', '98', '108'), ('2112', '2015-03-29', '19', '111', '110.00', '96', '106'), ('2113', '2015-01-10', '21', '317', '280.00', '55', '87'), ('2114', '2015-10-01', '20', '175', '200.00', '63', '84'), ('2115', '2015-03-19', '19', '472', '110.00', '57', '67'), ('2116', '2015-09-30', '21', '465', '280.00', '62', '94'), ('2117', '2015-08-06', '20', '5', '200.00', '61', '82'), ('2118', '2015-03-26', '21', '111', '280.00', '107', '139'), ('2119', '2015-01-03', '20', '89', '200.00', '55', '76'), ('2120', '2015-10-22', '20', '414', '200.00', '63', '84'), ('2121', '2015-06-12', '20', '464', '200.00', '59', '80'), ('2122', '2015-09-25', '19', '458', '110.00', '62', '72'), ('2123', '2015-02-11', '19', '274', '110.00', '56', '66'), ('2124', '2015-01-24', '20', '222', '200.00', '55', '76'), ('2125', '2015-08-18', '20', '47', '200.00', '61', '82'), ('2126', '2015-06-18', '19', '427', '110.00', '59', '69'), ('2127', '2015-03-01', '20', '122', '200.00', '57', '78'), ('2128', '2015-07-03', '19', '493', '110.00', '60', '70'), ('2129', '2015-03-06', '21', '453', '280.00', '57', '89'), ('2130', '2015-06-22', '21', '324', '280.00', '59', '91'), ('2131', '2015-09-07', '21', '468', '280.00', '62', '94'), ('2132', '2015-07-10', '21', '73', '280.00', '60', '92'), ('2133', '2015-01-08', '19', '303', '110.00', '55', '65'), ('2134', '2015-01-27', '19', '48', '110.00', '55', '65'), ('2135', '2015-09-09', '19', '248', '110.00', '62', '72'), ('2136', '2015-07-06', '21', '408', '280.00', '60', '92'), ('2137', '2015-02-25', '21', '424', '280.00', '81', '113'), ('2138', '2015-08-06', '19', '117', '110.00', '83', '93'), ('2139', '2015-09-06', '19', '183', '110.00', '62', '72'), ('2140', '2015-08-17', '20', '7', '200.00', '61', '82'), ('2141', '2015-01-29', '20', '92', '200.00', '55', '76'), ('2142', '2015-08-12', '21', '479', '280.00', '61', '93'), ('2143', '2015-09-14', '20', '236', '200.00', '76', '97'), ('2144', '2015-05-12', '20', '160', '200.00', '58', '79'), ('2145', '2015-01-23', '19', '217', '110.00', '64', '74'), ('2146', '2015-02-22', '19', '400', '110.00', '94', '104'), ('2147', '2015-09-01', '19', '243', '110.00', '62', '72'), ('2148', '2015-02-17', '20', '171', '200.00', '56', '77'), ('2149', '2015-05-30', '19', '38', '110.00', '81', '91'), ('2150', '2015-10-14', '21', '57', '280.00', '63', '95'), ('2151', '2015-08-25', '19', '499', '110.00', '61', '71'), ('2152', '2015-02-18', '19', '357', '110.00', '56', '66'), ('2153', '2015-09-15', '20', '99', '200.00', '62', '83'), ('2154', '2015-08-24', '19', '475', '110.00', '61', '71'), ('2155', '2015-04-06', '19', '204', '110.00', '116', '126'), ('2156', '2015-09-05', '20', '309', '200.00', '62', '83'), ('2157', '2015-01-12', '20', '227', '200.00', '55', '76'), ('2158', '2015-06-06', '20', '420', '200.00', '96', '117'), ('2159', '2015-05-02', '21', '365', '280.00', '58', '90'), ('2160', '2015-06-09', '20', '424', '200.00', '59', '80'), ('2161', '2015-06-11', '21', '201', '280.00', '59', '91'), ('2162', '2015-05-02', '20', '347', '200.00', '58', '79'), ('2163', '2015-07-09', '21', '36', '280.00', '60', '92'), ('2164', '2015-06-08', '20', '288', '200.00', '73', '94'), ('2165', '2015-01-24', '21', '374', '280.00', '55', '87'), ('2166', '2015-05-25', '19', '354', '110.00', '58', '68'), ('2167', '2015-08-24', '19', '216', '110.00', '61', '71'), ('2168', '2015-01-22', '19', '245', '110.00', '55', '65'), ('2169', '2015-06-30', '20', '45', '200.00', '59', '80'), ('2170', '2015-03-17', '21', '93', '280.00', '57', '89'), ('2171', '2015-01-01', '19', '256', '110.00', '55', '65'), ('2172', '2015-04-09', '19', '396', '110.00', '81', '91'), ('2173', '2015-02-25', '21', '138', '280.00', '90', '122'), ('2174', '2015-03-02', '19', '73', '110.00', '93', '103'), ('2175', '2015-05-30', '20', '246', '200.00', '58', '79'), ('2176', '2015-06-24', '21', '371', '280.00', '59', '91'), ('2177', '2015-07-23', '21', '415', '280.00', '60', '92'), ('2178', '2015-09-05', '19', '91', '110.00', '62', '72'), ('2179', '2015-10-09', '19', '238', '110.00', '63', '73'), ('2180', '2015-09-08', '20', '212', '200.00', '62', '83'), ('2181', '2015-01-28', '20', '238', '200.00', '74', '95'), ('2182', '2015-05-28', '20', '263', '200.00', '58', '79'), ('2183', '2015-08-22', '19', '159', '110.00', '61', '71'), ('2184', '2015-01-29', '19', '385', '110.00', '55', '65'), ('2185', '2015-04-24', '19', '109', '110.00', '57', '67'), ('2186', '2015-06-15', '20', '46', '200.00', '59', '80'), ('2187', '2015-05-27', '21', '323', '280.00', '58', '90'), ('2188', '2015-10-10', '20', '378', '200.00', '63', '84'), ('2189', '2015-03-01', '19', '466', '110.00', '57', '67'), ('2190', '2015-09-30', '21', '195', '280.00', '62', '94'), ('2191', '2015-08-14', '20', '117', '200.00', '61', '82'), ('2192', '2015-06-02', '21', '44', '280.00', '59', '91'), ('2193', '2015-09-27', '20', '202', '200.00', '62', '83'), ('2194', '2015-03-17', '19', '231', '110.00', '57', '67'), ('2195', '2015-05-17', '20', '102', '200.00', '58', '79'), ('2196', '2015-04-04', '21', '429', '280.00', '68', '100'), ('2197', '2015-04-11', '19', '210', '110.00', '80', '90'), ('2198', '2015-04-17', '19', '202', '110.00', '84', '94'), ('2199', '2015-06-29', '19', '140', '110.00', '59', '69'), ('2200', '2015-01-08', '20', '198', '200.00', '55', '76'), ('2201', '2015-06-04', '21', '204', '280.00', '61', '93'), ('2202', '2015-06-03', '19', '379', '110.00', '79', '89'), ('2203', '2015-06-06', '20', '382', '200.00', '92', '113'), ('2204', '2015-09-02', '20', '471', '200.00', '62', '83'), ('2205', '2015-06-07', '19', '200', '110.00', '82', '92'), ('2206', '2015-06-30', '20', '197', '200.00', '59', '80'), ('2207', '2015-04-24', '19', '32', '110.00', '57', '67'), ('2208', '2015-10-23', '21', '205', '280.00', '63', '95'), ('2209', '2015-01-02', '19', '82', '110.00', '55', '65');
COMMIT;

-- ----------------------------
--  Table structure for `client`
-- ----------------------------
DROP TABLE IF EXISTS `client`;
CREATE TABLE `client` (
  `num_abonne` int(10) unsigned NOT NULL AUTO_INCREMENT,
  `nom` varchar(50) NOT NULL,
  `prenom` varchar(50) DEFAULT NULL,
  PRIMARY KEY (`num_abonne`)
) ENGINE=InnoDB AUTO_INCREMENT=500 DEFAULT CHARSET=utf8;

-- ----------------------------
--  Records of `client`
-- ----------------------------
BEGIN;
INSERT INTO `client` VALUES ('1', 'PERIGNON', 'Franoise'), ('2', 'WINSTRINGHAM', 'Carmelo'), ('3', 'CRANFORD', 'Ambrogio'), ('4', 'MOURAT', 'Dolores'), ('5', 'DORMER', 'Radimir'), ('6', 'VALENCIA', 'Ila'), ('7', 'GIUSTI', 'Kiyoshi'), ('8', 'SOULARD', 'Dareia'), ('9', 'CALAIS', 'Zacharias'), ('10', 'VINCENT', 'Ulyssa'), ('11', 'SAVIDAN', 'Klio'), ('12', 'GILLON', 'Sherley'), ('13', 'GOELLER', 'Sohrab'), ('14', 'AUBLE', 'Severiano'), ('15', 'GOUTAL', 'Wolfgang'), ('16', 'BREYTON', 'Wikolia'), ('17', 'MANDARD', 'Romana'), ('18', 'MACE', 'Ethan'), ('19', 'LE BOUEDEC', 'Dana'), ('20', 'ETIENNE', 'Bjoern'), ('21', 'VINTER', 'Sanford'), ('22', 'SCHEIDT', 'Shashi'), ('23', 'JOUY', 'Salut'), ('24', 'MARCELLIN', 'Giulietta'), ('25', 'GODEFROID', 'Miruna'), ('26', 'SULPICE', 'Radomir'), ('27', 'JOLLIET', 'Lopold'), ('28', 'FRIBOULET', 'Ilonka'), ('29', 'MAZAUD', 'Crina'), ('30', 'LE JEUNE', 'Mererid'), ('31', 'CAUSSE', 'Enrique'), ('32', 'AVIGNON', 'Jacki'), ('33', 'JOUGLA', 'Samanta'), ('34', 'CHAMAND', 'Olya'), ('35', 'DERETZ', 'Brunette'), ('36', 'MORLET', 'Hylda'), ('37', 'PROWD', 'Nicodemus'), ('38', 'TISSOT', 'Eilish'), ('39', 'MAZUEL', 'Youenn'), ('40', 'DJEFFAL', 'Kurt'), ('41', 'DUTILLY', 'Tristen'), ('42', 'CHEVILLARD', 'Kirsten'), ('43', 'TRIADOU', 'Keysha'), ('44', 'TALBI', 'Eireen'), ('45', 'FAUVET', 'Cerberus'), ('46', 'ROUGIER', 'Jildaza'), ('47', 'KILLINGWORTH', 'Vera'), ('48', 'CAILLAUX', 'Stylianos'), ('49', 'ESQUERRE', 'Rafe'), ('50', 'MERLET', 'Maighread'), ('51', 'NAU', 'Dianne'), ('52', 'AMAURY', 'Hadassah'), ('53', 'DAUTRY', 'Hyman'), ('54', 'BRUCHET', 'Eldreda'), ('55', 'CHEVE', 'Envel'), ('56', 'OMONT', 'Berta'), ('57', 'COLLIER', 'Grusha'), ('58', 'THEUIL', 'Ngai'), ('59', 'DESNOYERS', 'Michjo'), ('60', 'WILLMANN', 'Setsuko'), ('61', 'ELBAZE', 'Pearlie'), ('62', 'GAUDRON', 'Riwod'), ('63', 'VIARDOT', 'Yoon ji'), ('64', 'BERT', 'Joan'), ('65', 'CANDAS', 'Ishmael'), ('66', 'FROISSARD', 'Gervais'), ('67', 'CASTANIER', 'Fragana'), ('68', 'LABRUNIE', 'Brje'), ('69', 'HODIN', 'Lyuba'), ('70', 'LANCON', 'Gyrgyi'), ('71', 'LIENHART', 'Malys'), ('72', 'TERRASSE', 'Raban'), ('73', 'GERBAULT', 'Varinius'), ('74', 'BELHOCINE', 'Patrizio'), ('75', 'CHERAMY', 'Iva'), ('76', 'CALAND', 'Fulbert'), ('77', 'SOTGIU', 'Kassidy'), ('78', 'GAGNEPAIN', 'Kaimana'), ('79', 'GUARINO', 'Cirine'), ('80', 'LEVEAU', 'Lennon'), ('81', 'CHOBERT', 'Haruko'), ('82', 'FREMEAUX', 'Safaa'), ('83', 'GRIOT', 'Samnang'), ('84', 'MARCELLIN', 'Eozena'), ('85', 'ESCUDIER', 'Emmie'), ('86', 'LEDUC', 'Kendrick'), ('87', 'LE DIMNA', 'Malys'), ('88', 'DELAFORGE', 'Varfolomei'), ('89', 'LAFFON', 'Bart'), ('90', 'BEZIER', 'Leona'), ('91', 'TRINQUART', 'Ertugrul'), ('92', 'BOUCHACOURT', 'variste'), ('93', 'SITBON', 'Mouad'), ('94', 'VANDROUX', 'Lleulu'), ('95', 'LE COQ', 'Vasanta'), ('96', 'LE FLOCH', 'Everett'), ('97', 'XERES', 'Katariina'), ('98', 'RIBEIRO', 'Apollonia'), ('99', 'CAUX', 'Shahar'), ('100', 'DORVILLE', 'Jasmine'), ('101', 'TON', 'Comgal'), ('102', 'LAGRANGE', 'Incio'), ('103', 'RAMSAY', 'Dido'), ('104', 'ROUARD', 'Lillias'), ('105', 'SPIEGEL', 'Bertille'), ('106', 'MOUTIER', 'Gwynedd'), ('107', 'MOUGEY', 'Euphranor'), ('108', 'LE MONNIER', 'Clementina'), ('109', 'DALLERY', 'Goronwy'), ('110', 'PINCKNEY', 'Alpertti'), ('111', 'DEVIN', 'Sterenn'), ('112', 'GONON', 'Gwythyr'), ('113', 'DORINE', 'Opeyemi'), ('114', 'WAYNE', 'Luvenia'), ('115', 'DENNEMONT', 'Polycarp'), ('116', 'LOEGEL', 'Wilmer'), ('117', 'BROSSARD', 'Crescentia'), ('118', 'DELHORBE', 'Uilleag'), ('119', 'MIGNOTTE', 'Khurshid'), ('120', 'ACHOU', 'Devdan'), ('121', 'TODESCHINI', 'Tarina'), ('122', 'BOUZON', 'Judie'), ('123', 'CAUCHY', 'Ronnie'), ('124', 'THULLIEZ', 'Rhisiart'), ('125', 'CONRARD', 'Melaer'), ('126', 'DEMI', 'Eira'), ('127', 'VERGEZ', 'Kalyani'), ('128', 'TOLLET', 'Cybill'), ('129', 'GARE', 'Hardy'), ('130', 'LOUX', 'Devnet'), ('131', 'ROMAGNE', 'Aislin'), ('132', 'ZANA', 'Whitaker'), ('133', 'MOREIRA', 'Carson'), ('134', 'GUILLOSSOU', 'Amariah'), ('135', 'CAVROIS', 'Than'), ('136', 'BLAN', 'Ariana'), ('137', 'BOUVILLE', 'Vlaho'), ('138', 'DARCOS', 'Katelyn'), ('139', 'ALINE', 'Taffy'), ('140', 'UNTON', 'Inocencio'), ('141', 'BOGGIO', 'Themis'), ('142', 'VOYANT', 'Beaumont'), ('143', 'BOUHAFS', 'Justyn'), ('144', 'BELLAY', 'Gustave'), ('145', 'BODERE', 'Gert'), ('146', 'SCHEMBRI', 'Ares'), ('147', 'WEIGEL', 'Genevive'), ('148', 'COSMA', 'Allegria'), ('149', 'GOURMELON', 'Redmund'), ('150', 'GELY', 'Jael'), ('151', 'LABE', 'Harmonie'), ('152', 'PIESSET', 'Katsuo'), ('153', 'VALENTE', 'Magdeleine'), ('154', 'LABONNE', 'Xenon'), ('155', 'CALVI', 'Lehi'), ('156', 'LUJAN', 'Lorrin'), ('157', 'KURZ', 'Carrie'), ('158', 'RIGAUT', 'Visitacon'), ('159', 'SCHLESSER', 'Olof'), ('160', 'COCHON', 'Patrice'), ('161', 'CONTASSOT', 'Bellona'), ('162', 'FOURAGE', 'Olav'), ('163', 'FORCIERI', 'Gay'), ('164', 'DELOLME', 'Llywellyn'), ('165', 'LIETARD', 'Rikke'), ('166', 'BOURGADE', 'Izolda'), ('167', 'QUENNESSON', 'Robert-alexandre'), ('168', 'BATAILLER', 'Paskwiten'), ('169', 'WARME', 'Agostino'), ('170', 'HENROT', 'Klmn'), ('171', 'BLAIZE', 'Vasilica'), ('172', 'AUDLINGTON', 'Dumitru'), ('173', 'LAURY', 'As\\\'ad'), ('174', 'MAREL', 'Eudoxia'), ('175', 'SIEGEL', 'Jouko'), ('176', 'DUHAZE', 'Mazheva'), ('177', 'FERAT', 'Gaetano'), ('178', 'BERNE', 'Belphoebe'), ('179', 'BACOUL', 'Octave'), ('180', 'GUIMARD', 'Jocasta'), ('181', 'DUVERNAY', 'Vasanta'), ('182', 'KONG', 'Wielislaw'), ('183', 'CAPOT', 'Ovadia'), ('184', 'SCHALL', 'Tamar'), ('185', 'RYANG', 'Teal'), ('186', 'DESCOURS', 'Jacoba'), ('187', 'SAKER', 'Ulyssa'), ('188', 'CORRE', 'Herbie'), ('189', 'GUY', 'Malgorzata'), ('190', 'HERMANT', 'Phil'), ('191', 'CAPELLE', 'Hrothgar'), ('192', 'DEMAREST', 'Gourmelon'), ('193', 'ROBACHE', 'Irinei'), ('194', 'ROSSIGNOL', 'Paskweten'), ('195', 'ALONZO', 'Amadeus'), ('196', 'GAUTHEROT', 'Valentn'), ('197', 'MOLLO', 'Kalpana'), ('198', 'DAVENEL', 'Nori'), ('199', 'DUCLOS', 'Per'), ('200', 'FEREIRA', 'Doran'), ('201', 'LIEGEOIS', 'Vladimir'), ('202', 'LECROART', 'Milburn'), ('203', 'SEON', 'Pili'), ('204', 'SAMAKE', 'Morty'), ('205', 'BOURIGAULT', 'Zlota'), ('206', 'MORIO', 'Sophie'), ('207', 'PLUMET', 'Gisella'), ('208', 'LEBLAY', 'Enyo'), ('209', 'WARNER', 'Eliina'), ('210', 'DINAND', 'Alec'), ('211', 'REIBEL', 'lisabelle'), ('212', 'ROBIOLLE', 'Vahan'), ('213', 'PERRICHON', 'Angelos'), ('214', 'TISNE', 'Honoratus'), ('215', 'CAHEN', 'Pierre'), ('216', 'ROUZE', 'Haskel'), ('217', 'TOURBEZ', 'Jerri'), ('218', 'HARRE', 'Serafino'), ('219', 'BARDOLF', 'Suniti'), ('220', 'INGOLD', 'Avdotya'), ('221', 'CALZOLARI', 'Can'), ('222', 'DILLMANN', 'Lachtna'), ('223', 'POURTIER', 'Astarte'), ('224', 'GESLOT', 'Maresol'), ('225', 'DELGADO', 'Allie'), ('226', 'DELPIERRE', 'Katarina'), ('227', 'WN', 'Franci'), ('228', 'BIHANNIC', 'Mykhaylo'), ('229', 'ELFE', 'Fawzia'), ('230', 'BEUVAIN', 'Racha'), ('231', 'GOUBIN', 'Xenon'), ('232', 'LALOUETTE', 'Shadya'), ('233', 'LE COZ', 'Livius'), ('234', 'BITSCH', 'Kais'), ('235', 'RIGNAULT', 'Vita'), ('236', 'LESBATS', 'Hoshi'), ('237', 'ROUQUIER', 'Chandler'), ('238', 'TAURUS', 'Ermete'), ('239', 'JUBE', 'Angle'), ('240', 'TORCHET', 'Elly'), ('241', 'KINDER', 'Margo'), ('242', 'FORNIER', 'Tori'), ('243', 'QUENIN', 'Tadeu'), ('244', 'FONTENELLE', 'Toma'), ('245', 'LAVERDURE', 'Terlag'), ('246', 'MALBRANQUE', 'Nessa'), ('247', 'MOREEL', 'Jamaar'), ('248', 'PARISSEAUX', 'Reggie'), ('249', 'LEPINAY', 'Lili'), ('250', 'HENNO', 'Audley'), ('251', 'ANDRIVON', 'Fatiha'), ('252', 'MOLLO', 'Becky'), ('253', 'CHALON', 'Modeste'), ('254', 'BESSAC', 'Hadya'), ('255', 'SCHIAVONE', 'Ithamar'), ('256', 'THIEBAUX', 'Estella'), ('257', 'LENTZ', 'Chesley'), ('258', 'MEILLAND', 'Patricia'), ('259', 'GODON', 'Cleveland'), ('260', 'SAHLI', 'Marcelle'), ('261', 'VERDOT', 'Marie-loup'), ('262', 'DELLY', 'Tobiah'), ('263', 'ROUSSET', 'Floella'), ('264', 'ESTEVE', 'Juvenal'), ('265', 'ROCHAS', 'Rowan'), ('266', 'BUSUTTIL', 'Bilhah'), ('267', 'LOUVEL', 'Desta'), ('268', 'LEVIER', 'Predena'), ('269', 'NIVAULT', 'Dana'), ('270', 'LABASSE', 'Marguerite'), ('271', 'MARGUERITTE', 'Conan'), ('272', 'DESVIGNES', 'Foma'), ('273', 'LAUZE', 'Vjekoslav'), ('274', 'TARBOURIECH', 'Jessi'), ('275', 'BOULAND', 'Guntram'), ('276', 'COUPEAU', 'Spyridon'), ('277', 'PIDOUX', 'Lavern'), ('278', 'PAPI', 'Jagoda'), ('279', 'REINHARD', 'Filibert'), ('280', 'TASSO', 'Miguelito'), ('281', 'BRUNEAUX', 'Stepan'), ('282', 'DARRE', 'Zinaida'), ('283', 'BOUCLIER', 'Colinda'), ('284', 'JACQUEMARD', 'Sorley'), ('285', 'ROMANN', 'Nacio'), ('286', 'APPERE', 'Lois'), ('287', 'MTIMET', 'Gyula'), ('288', 'STACHOWIAK', 'Arnie'), ('289', 'BUTLER', 'Kester'), ('290', 'BOUB', 'Leta'), ('291', 'RICARD', 'Salal'), ('292', 'CARLES', 'Koulm'), ('293', 'LEBEC', 'Mikala'), ('294', 'PIGEON', 'Rob'), ('295', 'DUTILLEUL', 'Estavan'), ('296', 'HERVO', 'Ieuan'), ('297', 'PABST', 'Leroy'), ('298', 'SAGNE', 'Mohamed-amine'), ('299', 'DEGRAEVE', 'Cheyenne'), ('300', 'CHEGAL', 'Antonietta'), ('301', 'WINTER', 'Celso'), ('302', 'WATIER', 'Haytham'), ('303', 'MICHOUX', 'Baltasar'), ('304', 'DAUTRICHE', 'Gwendoline'), ('305', 'SONZOGNI', 'Lesia'), ('306', 'LEPORCQ', 'Isis'), ('307', 'CAZAU', 'Sybil'), ('308', 'PARAYRE', 'Murali'), ('309', 'MARCE', 'Ena'), ('310', 'DERNONCOURT', 'Nero'), ('311', 'LEONARD', 'Milo'), ('312', 'VIALA', 'Dympna'), ('313', 'ADDAD', 'Glaucio'), ('314', 'VALERI', 'Jyotsana'), ('315', 'BOUTOU', 'Gamaliel'), ('316', 'RING', 'Azucena'), ('317', 'NEVINSON', 'Layla'), ('318', 'JOLLIET', 'Benno'), ('319', 'ARRIGHI', 'Fantig'), ('320', 'LAMIRAL', 'Dezirinda'), ('321', 'KAMINSKI', 'Donatello'), ('322', 'MATTINA', 'Jess'), ('323', 'PRESTAT', 'Gage'), ('324', 'HADDAD', 'Gonzalo'), ('325', 'DELAFOSSE', 'Tadej'), ('326', 'MIR', 'Lianne'), ('327', 'RUIZ', 'Seymour'), ('328', 'ZANATTA', 'Mouhcine'), ('329', 'LODDINGTON', 'Ganesha'), ('330', 'FERON', 'Yannic'), ('331', 'GUILLOUET', 'Afanasi'), ('332', 'SALGUEIRO', 'Birger'), ('333', 'DEBAR', 'Patton'), ('334', 'TROUILLET', 'Archippos'), ('335', 'MEURILLON', 'Thierry'), ('336', 'SIEM', 'Odalys'), ('337', 'LAZZARI', 'Derren'), ('338', 'DESSAINT', 'Luned'), ('339', 'BEY', 'Peadar'), ('340', 'CALLAIS', 'Gitane'), ('341', 'GUIHAL', 'Janneke'), ('342', 'GUERRERO', 'Marten'), ('343', 'BORNET', 'Siegmund'), ('344', 'CORBEAU', 'Hamo'), ('345', 'SALIBA', 'Mzes'), ('346', 'BOEHM', 'Adisa'), ('347', 'FRACKOWIAK', 'Ryana'), ('348', 'PEGUET', 'Isobel'), ('349', 'LECHARTIER', 'Ulick'), ('350', 'FERME', 'Maelys'), ('351', 'UGOLINI', 'Breda'), ('352', 'THORNTON', 'Isabel'), ('353', 'DUBOT', 'Rahmatoullah'), ('354', 'VENDEVILLE', 'Mehmud'), ('355', 'CHAMPARNAUD', 'Hedy'), ('356', 'BLOCHET', 'Ataullah'), ('357', 'TOMASELLI', 'Andor'), ('358', 'GINI', 'Rozanne'), ('359', 'BIANCO', 'Gustave'), ('360', 'BURNIER', 'Fraganez'), ('361', 'BADRE', 'Marcellette'), ('362', 'BACOT', 'Fabrizia'), ('363', 'ROOS', 'Elliott'), ('364', 'DULAU', 'Eumelia'), ('365', 'DESA', 'Hosannah'), ('366', 'BOURIGAULT', 'Ingram'), ('367', 'GUICHET', 'Amarante'), ('368', 'MARCHBANK', 'Antono'), ('369', 'ORCEL', 'Patrizio'), ('370', 'LORENT', 'Yardena'), ('371', 'SANI', 'Janus'), ('372', 'POUJOL', 'Talbot'), ('373', 'PERALDI', 'Jacky'), ('374', 'BONO', 'Milan'), ('375', 'SILVESTRE', 'Marge'), ('376', 'BOUREL', 'Stian'), ('377', 'ALFANO', 'Hudson'), ('378', 'RIOTTE', 'Fernande'), ('379', 'VILLEMAGNE', 'Grinne'), ('380', 'GIANNONE', 'Thu'), ('381', 'AUBRY', 'Andreia'), ('382', 'COUDRE', 'Pythagoras'), ('383', 'DAURAT', 'Elva'), ('384', 'AGARD', 'Sherry'), ('385', 'KERGOURLAY', 'Wybert'), ('386', 'MAZAS', 'Georgios'), ('387', 'LODS', 'Naelle'), ('388', 'NICOLI', 'Emilee'), ('389', 'GALON', 'Mikkel'), ('390', 'GASPARI', 'Elicia'), ('391', 'WACH', 'Darell'), ('392', 'VELGHE', 'Itamar'), ('393', 'CHASSON', 'Veasna'), ('394', 'DELAITRE', 'Servan'), ('395', 'GRIVET', 'Ram'), ('396', 'BOUILLARD', 'Annabella'), ('397', 'CONTENT', 'Ned'), ('398', 'BRUNY', 'Yardena'), ('399', 'DUBOIS', 'Jani'), ('400', 'PAQUIS', 'Marcelina'), ('401', 'BLASCO', 'Asklepios'), ('402', 'WILMOT', 'Bernardo'), ('403', 'HOLLER', 'Menes'), ('404', 'BROOKS', 'Perig'), ('405', 'COTTREZ', 'Honorine'), ('406', 'CHOUAN', 'Sharlene'), ('407', 'MALTERRE', 'Len'), ('408', 'XANA', 'Haydn'), ('409', 'HAFID', 'Thad'), ('410', 'MOREUX', 'Delwyn'), ('411', 'MASCLEF', 'Chenaniah'), ('412', 'VRIGNON', 'Keitha'), ('413', 'DENERVAUX', 'Hachiro'), ('414', 'BOULOGNE', 'Hjrdis'), ('415', 'GOUVERNEUR', 'Elisa'), ('416', 'VEDIS', 'Ouafae'), ('417', 'MOUGEOLLE', 'Morris'), ('418', 'FURIC', 'Cambria'), ('419', 'ZACHARIE', 'Wally'), ('420', 'PEIGNOT', 'Inocencio'), ('421', 'GUEDE', 'Hafeez'), ('422', 'THOMASSE', 'Gsta'), ('423', 'ROUSSI', 'Omaima'), ('424', 'CHASSAIN', 'Than'), ('425', 'KUENTZ', 'Sulo'), ('426', 'RONDOT', 'Rexana'), ('427', 'VIVES', 'Pili'), ('428', 'VILLARD', 'Eleazar'), ('429', 'NKOUKA', 'Abdullah'), ('430', 'MORIER', 'Kettil'), ('431', 'MORECOTT', 'Thorley'), ('432', 'BOQUET', 'Gradlon'), ('433', 'DAMERVAL', 'Marie-lou'), ('434', 'GRIVEL', 'Xandra'), ('435', 'BOHN', 'Zoubida'), ('436', 'DARGAUD', 'Sigeberht'), ('437', 'BRY', 'ibhear'), ('438', 'TREHET', 'Eliana'), ('439', 'DALLEAU', 'Phinehas'), ('440', 'MERAD', 'Paul-antoine'), ('441', 'LAHCENE', 'Josue'), ('442', 'BAHA', 'Ionatn'), ('443', 'PLANCHE', 'Thais'), ('444', 'FULBURNE', 'Gwrtheyrn'), ('445', 'GUIRAUD', 'Arevig'), ('446', 'WALLET', 'Nila'), ('447', 'DEBAS', 'Karly'), ('448', 'CHARGELEGUE', 'Mignon'), ('449', 'LEVERRIER', 'Lenz'), ('450', 'SALINAS', 'Lynna'), ('451', 'HELBERT', 'Chiumbo'), ('452', 'BLAZY', 'Judyta'), ('453', 'GALLEE', 'Radmilo'), ('454', 'DENOYELLE', 'Unique'), ('455', 'JANATI', 'Moriah'), ('456', 'BARILLOT', 'Una'), ('457', 'DAVIN', 'Lovell'), ('458', 'PENVERN', 'Valerius'), ('459', 'TANDIA', 'Nandy'), ('460', 'BEUQUE', 'Mele'), ('461', 'BOURRET', 'Zora'), ('462', 'GATIGNOL', 'Riog'), ('463', 'FAUGERE', 'Anand'), ('464', 'CUVELIER', 'Nigelia'), ('465', 'LARCHER', 'Absalom'), ('466', 'LOQUET', 'Taro'), ('467', 'MAUNOURY', 'Emidio'), ('468', 'DORINE', 'Linford'), ('469', 'FEREIRA', 'Dersa'), ('470', 'GRIMAUX', 'Dieudonne'), ('471', 'FRONTEAU', 'Babs'), ('472', 'DIETTE', 'Linda'), ('473', 'BALLU', 'Aristide'), ('474', 'MARI', 'Yankel'), ('475', 'MAROTTE', 'Sofronio'), ('476', 'CHAMPEIL', 'Maurice'), ('477', 'MONTFORT', 'Risto'), ('478', 'DIALLO', 'Denez'), ('479', 'BONTEMPS', 'Modeste'), ('480', 'CONRARD', 'Alpertti'), ('481', 'ETCHINGHAM', 'Kenton'), ('482', 'BEDOS', 'Avela'), ('483', 'BARTHOLOME', 'Silvestra'), ('484', 'KHIREDDINE', 'Seraphine'), ('485', 'FEUILLET', 'Hee jun'), ('486', 'BELLER', 'Vijay'), ('487', 'CHAMOUX', 'Terry'), ('488', 'DEHEDIN', 'Elisabetta'), ('489', 'TOURNE', 'Ramona'), ('490', 'LEZE', 'Stellan'), ('491', 'WYLDE', 'Luanna'), ('492', 'SIBILLE', 'Natalie'), ('493', 'TARGE', 'Rafa'), ('494', 'COSTARD', 'Moira'), ('495', 'GUYOMARCH', 'Sergei'), ('496', 'LATAPIE', 'Harrison'), ('497', 'ORTOLA', 'Imelda'), ('498', 'REYNAL', 'Pembe'), ('499', 'VITU', 'Barak');
COMMIT;

-- ----------------------------
--  Table structure for `echeance_revue`
-- ----------------------------
DROP TABLE IF EXISTS `echeance_revue`;
CREATE TABLE `echeance_revue` (
  `numero` mediumint(8) unsigned NOT NULL,
  `date_parution` date DEFAULT NULL,
  `revue_id` smallint(5) unsigned NOT NULL,
  PRIMARY KEY (`numero`,`revue_id`),
  KEY `numero_to_revue` (`revue_id`),
  CONSTRAINT `numero_to_revue` FOREIGN KEY (`revue_id`) REFERENCES `revue` (`id`)
) ENGINE=InnoDB DEFAULT CHARSET=utf8;

-- ----------------------------
--  Records of `echeance_revue`
-- ----------------------------
BEGIN;
INSERT INTO `echeance_revue` VALUES ('1', '2010-01-01', '1'), ('1', '2010-01-01', '2'), ('1', '2010-01-01', '3'), ('1', '2010-01-01', '4'), ('1', '2010-01-01', '5'), ('1', '2010-01-01', '6'), ('2', '2010-02-01', '1'), ('2', '2010-04-01', '2'), ('2', '2010-03-01', '3'), ('2', '2010-07-01', '4'), ('2', '2011-01-01', '5'), ('2', '2010-02-01', '6'), ('3', '2010-03-01', '1'), ('3', '2010-07-01', '2'), ('3', '2010-05-01', '3'), ('3', '2011-01-01', '4'), ('3', '2012-01-01', '5'), ('3', '2010-03-01', '6'), ('4', '2010-04-01', '1'), ('4', '2010-10-01', '2'), ('4', '2010-07-01', '3'), ('4', '2011-07-01', '4'), ('4', '2013-01-01', '5'), ('4', '2010-04-01', '6'), ('5', '2010-05-01', '1'), ('5', '2011-01-01', '2'), ('5', '2010-09-01', '3'), ('5', '2012-01-01', '4'), ('5', '2014-01-01', '5'), ('5', '2010-05-01', '6'), ('6', '2010-06-01', '1'), ('6', '2011-04-01', '2'), ('6', '2010-11-01', '3'), ('6', '2012-07-01', '4'), ('6', '2015-01-01', '5'), ('6', '2010-06-01', '6'), ('7', '2010-07-01', '1'), ('7', '2011-07-01', '2'), ('7', '2011-01-01', '3'), ('7', '2013-01-01', '4'), ('7', '2016-01-01', '5'), ('7', '2010-07-01', '6'), ('8', '2010-08-01', '1'), ('8', '2011-10-01', '2'), ('8', '2011-03-01', '3'), ('8', '2013-07-01', '4'), ('8', '2017-01-01', '5'), ('8', '2010-09-01', '6'), ('9', '2010-09-01', '1'), ('9', '2012-01-01', '2'), ('9', '2011-05-01', '3'), ('9', '2014-01-01', '4'), ('9', '2018-01-01', '5'), ('9', '2010-10-01', '6'), ('10', '2010-10-01', '1'), ('10', '2012-04-01', '2'), ('10', '2011-07-01', '3'), ('10', '2014-07-01', '4'), ('10', '2019-01-01', '5'), ('10', '2010-11-01', '6'), ('11', '2010-11-01', '1'), ('11', '2012-07-01', '2'), ('11', '2011-09-01', '3'), ('11', '2015-01-01', '4'), ('11', '2020-01-01', '5'), ('11', '2010-12-01', '6'), ('12', '2010-12-01', '1'), ('12', '2012-10-01', '2'), ('12', '2011-11-01', '3'), ('12', '2015-07-01', '4'), ('12', '2021-01-01', '5'), ('12', '2011-01-01', '6'), ('13', '2011-01-01', '1'), ('13', '2013-01-01', '2'), ('13', '2012-01-01', '3'), ('13', '2016-01-01', '4'), ('13', '2022-01-01', '5'), ('13', '2011-02-01', '6'), ('14', '2011-02-01', '1'), ('14', '2013-04-01', '2'), ('14', '2012-03-01', '3'), ('14', '2016-07-01', '4'), ('14', '2023-01-01', '5'), ('14', '2011-03-01', '6'), ('15', '2011-03-01', '1'), ('15', '2013-07-01', '2'), ('15', '2012-05-01', '3'), ('15', '2017-01-01', '4'), ('15', '2024-01-01', '5'), ('15', '2011-05-01', '6'), ('16', '2011-04-01', '1'), ('16', '2013-10-01', '2'), ('16', '2012-07-01', '3'), ('16', '2017-07-01', '4'), ('16', '2011-06-01', '6'), ('17', '2011-05-01', '1'), ('17', '2014-01-01', '2'), ('17', '2012-09-01', '3'), ('17', '2018-01-01', '4'), ('17', '2011-07-01', '6'), ('18', '2011-06-01', '1'), ('18', '2014-04-01', '2'), ('18', '2012-11-01', '3'), ('18', '2018-07-01', '4'), ('18', '2011-08-01', '6'), ('19', '2011-07-01', '1'), ('19', '2014-07-01', '2'), ('19', '2013-01-01', '3'), ('19', '2019-01-01', '4'), ('19', '2011-09-01', '6'), ('20', '2011-08-01', '1'), ('20', '2014-10-01', '2'), ('20', '2013-03-01', '3'), ('20', '2019-07-01', '4'), ('20', '2011-10-01', '6'), ('21', '2011-09-01', '1'), ('21', '2015-01-01', '2'), ('21', '2013-05-01', '3'), ('21', '2020-01-01', '4'), ('21', '2011-11-01', '6'), ('22', '2011-10-01', '1'), ('22', '2015-04-01', '2'), ('22', '2013-07-01', '3'), ('22', '2020-07-01', '4'), ('22', '2012-01-01', '6'), ('23', '2011-11-01', '1'), ('23', '2015-07-01', '2'), ('23', '2013-09-01', '3'), ('23', '2021-01-01', '4'), ('23', '2012-02-01', '6'), ('24', '2011-12-01', '1'), ('24', '2015-10-01', '2'), ('24', '2013-11-01', '3'), ('24', '2021-07-01', '4'), ('24', '2012-03-01', '6'), ('25', '2012-01-01', '1'), ('25', '2016-01-01', '2'), ('25', '2014-01-01', '3'), ('25', '2012-04-01', '6'), ('26', '2012-02-01', '1'), ('26', '2016-04-01', '2'), ('26', '2014-03-01', '3'), ('26', '2012-05-01', '6'), ('27', '2012-03-01', '1'), ('27', '2016-07-01', '2'), ('27', '2014-05-01', '3'), ('27', '2012-06-01', '6'), ('28', '2012-04-01', '1'), ('28', '2016-10-01', '2'), ('28', '2014-07-01', '3'), ('28', '2012-07-01', '6'), ('29', '2012-05-01', '1'), ('29', '2017-01-01', '2'), ('29', '2014-09-01', '3'), ('29', '2012-09-01', '6'), ('30', '2012-06-01', '1'), ('30', '2017-04-01', '2'), ('30', '2014-11-01', '3'), ('30', '2012-10-01', '6'), ('31', '2012-07-01', '1'), ('31', '2017-07-01', '2'), ('31', '2015-01-01', '3'), ('31', '2012-11-01', '6'), ('32', '2012-08-01', '1'), ('32', '2017-10-01', '2'), ('32', '2015-03-01', '3'), ('32', '2012-12-01', '6'), ('33', '2012-09-01', '1'), ('33', '2018-01-01', '2'), ('33', '2015-05-01', '3'), ('33', '2013-01-01', '6'), ('34', '2012-10-01', '1'), ('34', '2018-04-01', '2'), ('34', '2015-07-01', '3'), ('34', '2013-02-01', '6'), ('35', '2012-11-01', '1'), ('35', '2018-07-01', '2'), ('35', '2015-09-01', '3'), ('35', '2013-03-01', '6'), ('36', '2012-12-01', '1'), ('36', '2018-10-01', '2'), ('36', '2015-11-01', '3'), ('36', '2013-05-01', '6'), ('37', '2013-01-01', '1'), ('37', '2019-01-01', '2'), ('37', '2016-01-01', '3'), ('37', '2013-06-01', '6'), ('38', '2013-02-01', '1'), ('38', '2019-04-01', '2'), ('38', '2016-03-01', '3'), ('38', '2013-07-01', '6'), ('39', '2013-03-01', '1'), ('39', '2019-07-01', '2'), ('39', '2016-05-01', '3'), ('39', '2013-08-01', '6'), ('40', '2013-04-01', '1'), ('40', '2019-10-01', '2'), ('40', '2016-07-01', '3'), ('40', '2013-09-01', '6'), ('41', '2013-05-01', '1'), ('41', '2020-01-01', '2'), ('41', '2016-09-01', '3'), ('41', '2013-10-01', '6'), ('42', '2013-06-01', '1'), ('42', '2020-04-01', '2'), ('42', '2016-11-01', '3'), ('42', '2013-11-01', '6'), ('43', '2013-07-01', '1'), ('43', '2020-07-01', '2'), ('43', '2017-01-01', '3'), ('43', '2014-01-01', '6'), ('44', '2013-08-01', '1'), ('44', '2020-10-01', '2'), ('44', '2017-03-01', '3'), ('44', '2014-02-01', '6'), ('45', '2013-09-01', '1'), ('45', '2021-01-01', '2'), ('45', '2017-05-01', '3'), ('45', '2014-03-01', '6'), ('46', '2013-10-01', '1'), ('46', '2021-04-01', '2'), ('46', '2017-07-01', '3'), ('46', '2014-04-01', '6'), ('47', '2013-11-01', '1'), ('47', '2021-07-01', '2'), ('47', '2017-09-01', '3'), ('47', '2014-05-01', '6'), ('48', '2013-12-01', '1'), ('48', '2021-10-01', '2'), ('48', '2017-11-01', '3'), ('48', '2014-06-01', '6'), ('49', '2014-01-01', '1'), ('49', '2022-01-01', '2'), ('49', '2014-07-01', '6'), ('50', '2014-02-01', '1'), ('50', '2022-04-01', '2'), ('50', '2014-09-01', '6'), ('51', '2014-03-01', '1'), ('51', '2022-07-01', '2'), ('51', '2014-10-01', '6'), ('52', '2014-04-01', '1'), ('52', '2022-10-01', '2'), ('52', '2014-11-01', '6'), ('53', '2014-05-01', '1'), ('53', '2023-01-01', '2'), ('53', '2014-12-01', '6'), ('54', '2014-06-01', '1'), ('54', '2023-04-01', '2'), ('54', '2015-01-01', '6'), ('55', '2014-07-01', '1'), ('55', '2023-07-01', '2'), ('55', '2015-02-01', '6'), ('56', '2014-08-01', '1'), ('56', '2023-10-01', '2'), ('56', '2015-03-01', '6'), ('57', '2014-09-01', '1'), ('57', '2024-01-01', '2'), ('57', '2015-05-01', '6'), ('58', '2014-10-01', '1'), ('58', '2024-04-01', '2'), ('58', '2015-06-01', '6'), ('59', '2014-11-01', '1'), ('59', '2024-07-01', '2'), ('59', '2015-07-01', '6'), ('60', '2014-12-01', '1'), ('60', '2024-10-01', '2'), ('60', '2015-08-01', '6'), ('61', '2015-01-01', '1'), ('61', '2025-01-01', '2'), ('61', '2015-09-01', '6'), ('62', '2015-02-01', '1'), ('62', '2025-04-01', '2'), ('62', '2015-10-01', '6'), ('63', '2015-03-01', '1'), ('63', '2025-07-01', '2'), ('63', '2015-11-01', '6'), ('64', '2015-04-01', '1'), ('64', '2025-10-01', '2'), ('64', '2016-01-01', '6'), ('65', '2015-05-01', '1'), ('65', '2026-01-01', '2'), ('65', '2016-02-01', '6'), ('66', '2015-06-01', '1'), ('66', '2026-04-01', '2'), ('66', '2016-03-01', '6'), ('67', '2015-07-01', '1'), ('67', '2026-07-01', '2'), ('67', '2016-04-01', '6'), ('68', '2015-08-01', '1'), ('68', '2026-10-01', '2'), ('68', '2016-05-01', '6'), ('69', '2015-09-01', '1'), ('69', '2027-01-01', '2'), ('69', '2016-06-01', '6'), ('70', '2015-10-01', '1'), ('70', '2027-04-01', '2'), ('70', '2016-07-01', '6'), ('71', '2015-11-01', '1'), ('71', '2027-07-01', '2'), ('71', '2016-09-01', '6'), ('72', '2015-12-01', '1'), ('72', '2027-10-01', '2'), ('72', '2016-10-01', '6'), ('73', '2016-01-01', '1'), ('73', '2016-11-01', '6'), ('74', '2016-02-01', '1'), ('74', '2016-12-01', '6'), ('75', '2016-03-01', '1'), ('75', '2017-01-01', '6'), ('76', '2016-04-01', '1'), ('76', '2017-02-01', '6'), ('77', '2016-05-01', '1'), ('77', '2017-03-01', '6'), ('78', '2016-06-01', '1'), ('78', '2017-05-01', '6'), ('79', '2016-07-01', '1'), ('79', '2017-06-01', '6'), ('80', '2016-08-01', '1'), ('80', '2017-07-01', '6'), ('81', '2016-09-01', '1'), ('81', '2017-08-01', '6'), ('82', '2016-10-01', '1'), ('82', '2017-09-01', '6'), ('83', '2016-11-01', '1'), ('83', '2017-10-01', '6'), ('84', '2016-12-01', '1'), ('84', '2017-11-01', '6'), ('85', '2017-01-01', '1'), ('85', '2018-01-01', '6'), ('86', '2017-02-01', '1'), ('86', '2018-02-01', '6'), ('87', '2017-03-01', '1'), ('87', '2018-03-01', '6'), ('88', '2017-04-01', '1'), ('88', '2018-04-01', '6'), ('89', '2017-05-01', '1'), ('89', '2018-05-01', '6'), ('90', '2017-06-01', '1'), ('90', '2018-06-01', '6'), ('91', '2017-07-01', '1'), ('91', '2018-07-01', '6'), ('92', '2017-08-01', '1'), ('92', '2018-09-01', '6'), ('93', '2017-09-01', '1'), ('93', '2018-10-01', '6'), ('94', '2017-10-01', '1'), ('94', '2018-11-01', '6'), ('95', '2017-11-01', '1'), ('95', '2018-12-01', '6'), ('96', '2017-12-01', '1'), ('96', '2019-01-01', '6'), ('97', '2018-01-01', '1'), ('97', '2019-02-01', '6'), ('98', '2018-02-01', '1'), ('98', '2019-03-01', '6'), ('99', '2018-03-01', '1'), ('99', '2019-05-01', '6'), ('100', '2018-04-01', '1'), ('100', '2019-06-01', '6'), ('101', '2018-05-01', '1'), ('101', '2019-07-01', '6'), ('102', '2018-06-01', '1'), ('102', '2019-08-01', '6'), ('103', '2018-07-01', '1'), ('103', '2019-09-01', '6'), ('104', '2018-08-01', '1'), ('104', '2019-10-01', '6'), ('105', '2018-09-01', '1'), ('105', '2019-11-01', '6'), ('106', '2018-10-01', '1'), ('106', '2020-01-01', '6'), ('107', '2018-11-01', '1'), ('107', '2020-02-01', '6'), ('108', '2018-12-01', '1'), ('108', '2020-03-01', '6'), ('109', '2019-01-01', '1'), ('109', '2020-04-01', '6'), ('110', '2019-02-01', '1'), ('110', '2020-05-01', '6'), ('111', '2019-03-01', '1'), ('111', '2020-06-01', '6'), ('112', '2019-04-01', '1'), ('112', '2020-07-01', '6'), ('113', '2019-05-01', '1'), ('113', '2020-09-01', '6'), ('114', '2019-06-01', '1'), ('114', '2020-10-01', '6'), ('115', '2019-07-01', '1'), ('115', '2020-11-01', '6'), ('116', '2019-08-01', '1'), ('116', '2020-12-01', '6'), ('117', '2019-09-01', '1'), ('117', '2021-01-01', '6'), ('118', '2019-10-01', '1'), ('118', '2021-02-01', '6'), ('119', '2019-11-01', '1'), ('119', '2021-03-01', '6'), ('120', '2019-12-01', '1'), ('120', '2021-05-01', '6'), ('121', '2020-01-01', '1'), ('121', '2021-06-01', '6'), ('122', '2020-02-01', '1'), ('122', '2021-07-01', '6'), ('123', '2020-03-01', '1'), ('123', '2021-08-01', '6'), ('124', '2020-04-01', '1'), ('124', '2021-09-01', '6'), ('125', '2020-05-01', '1'), ('125', '2021-10-01', '6'), ('126', '2020-06-01', '1'), ('126', '2021-11-01', '6'), ('127', '2020-07-01', '1'), ('127', '2022-01-01', '6'), ('128', '2020-08-01', '1'), ('128', '2022-02-01', '6'), ('129', '2020-09-01', '1'), ('129', '2022-03-01', '6'), ('130', '2020-10-01', '1'), ('130', '2022-04-01', '6'), ('131', '2020-11-01', '1'), ('131', '2022-05-01', '6'), ('132', '2020-12-01', '1'), ('132', '2022-06-01', '6'), ('133', '2021-01-01', '1'), ('134', '2021-02-01', '1'), ('135', '2021-03-01', '1'), ('136', '2021-04-01', '1'), ('137', '2021-05-01', '1'), ('138', '2021-06-01', '1'), ('139', '2021-07-01', '1'), ('140', '2021-08-01', '1'), ('141', '2021-09-01', '1'), ('142', '2021-10-01', '1'), ('143', '2021-11-01', '1'), ('144', '2021-12-01', '1');
COMMIT;

-- ----------------------------
--  Table structure for `offre_abonnement`
-- ----------------------------
DROP TABLE IF EXISTS `offre_abonnement`;
CREATE TABLE `offre_abonnement` (
  `id` smallint(5) unsigned NOT NULL AUTO_INCREMENT,
  `libelle` varchar(50) NOT NULL,
  `tarif` decimal(5,2) unsigned NOT NULL,
  `nb_numeros` tinyint(3) unsigned NOT NULL,
  `revue_id` smallint(5) unsigned NOT NULL,
  PRIMARY KEY (`id`),
  KEY `offre_to_revue` (`revue_id`),
  CONSTRAINT `offre_to_revue` FOREIGN KEY (`revue_id`) REFERENCES `revue` (`id`)
) ENGINE=InnoDB AUTO_INCREMENT=22 DEFAULT CHARSET=utf8;

-- ----------------------------
--  Records of `offre_abonnement`
-- ----------------------------
BEGIN;
INSERT INTO `offre_abonnement` VALUES ('1', 'six mois', '90.00', '6', '1'), ('2', 'un an', '180.00', '12', '1'), ('3', 'deux ans', '324.00', '24', '1'), ('4', 'trois ans', '450.00', '36', '1'), ('5', 'six mois', '40.00', '2', '2'), ('6', 'un an', '80.00', '4', '2'), ('7', 'deux ans', '150.00', '8', '2'), ('8', 'trois ans', '205.00', '12', '2'), ('9', 'six mois', '45.00', '3', '3'), ('10', 'un an', '90.00', '6', '3'), ('11', 'deux ans', '165.00', '12', '3'), ('12', 'trois ans', '230.00', '18', '3'), ('13', 'un an', '100.00', '2', '4'), ('14', 'deux ans', '200.00', '4', '4'), ('15', 'trois ans', '300.00', '6', '4'), ('16', 'un an', '100.00', '1', '5'), ('17', 'deux ans', '200.00', '2', '5'), ('18', 'trois ans', '300.00', '3', '5'), ('19', 'un an', '110.00', '11', '6'), ('20', 'deux ans', '200.00', '22', '6'), ('21', 'trois ans', '280.00', '33', '6');
COMMIT;

-- ----------------------------
--  Table structure for `periodicite`
-- ----------------------------
DROP TABLE IF EXISTS `periodicite`;
CREATE TABLE `periodicite` (
  `id` tinyint(3) unsigned NOT NULL AUTO_INCREMENT,
  `nb_numero_par_an` tinyint(3) unsigned NOT NULL,
  `libelle` varchar(50) NOT NULL,
  `intervalle` tinyint(3) unsigned NOT NULL,
  `mois_numero_double` tinyint(3) unsigned DEFAULT NULL,
  PRIMARY KEY (`id`)
) ENGINE=InnoDB AUTO_INCREMENT=7 DEFAULT CHARSET=utf8;

-- ----------------------------
--  Records of `periodicite`
-- ----------------------------
BEGIN;
INSERT INTO `periodicite` VALUES ('1', '12', 'mensuel', '1', null), ('2', '6', 'bimestriel', '2', null), ('3', '4', 'trimestriel', '3', null), ('4', '2', 'semestriel', '6', null), ('5', '1', 'annuel', '12', null), ('6', '11', '11 numros par an', '1', '7');
COMMIT;

-- ----------------------------
--  Table structure for `revue`
-- ----------------------------
DROP TABLE IF EXISTS `revue`;
CREATE TABLE `revue` (
  `id` smallint(5) unsigned NOT NULL AUTO_INCREMENT,
  `titre` varchar(50) NOT NULL,
  `periodicite_id` tinyint(3) unsigned NOT NULL,
  PRIMARY KEY (`id`),
  KEY `revue_to_periodicite` (`periodicite_id`),
  CONSTRAINT `revue_to_periodicite` FOREIGN KEY (`periodicite_id`) REFERENCES `periodicite` (`id`)
) ENGINE=InnoDB AUTO_INCREMENT=7 DEFAULT CHARSET=utf8;

-- ----------------------------
--  Records of `revue`
-- ----------------------------
BEGIN;
INSERT INTO `revue` VALUES ('1', 'Le mensuel de la littrature', '1'), ('2', 'Art Strass et impostures', '3'), ('3', 'Photo, l\'imparfait de l\'objectif', '2'), ('4', 'Investigations', '4'), ('5', 'L\'tat du monde', '5'), ('6', 'Science pot', '6');
COMMIT;



-- ----------------------------
--  Procedure structure for `generer_abonnement_client`
-- ----------------------------
DROP PROCEDURE IF EXISTS `generer_abonnement_client`;
delimiter ;;
CREATE DEFINER=`root`@`localhost` PROCEDURE `generer_abonnement_client`(p_date_base DATE, p_nb_abonnement MEDIUMINT, p_revue_id SMALLINT)
BEGIN

SET @interval := (SELECT DATEDIFF(CURDATE(),p_date_base));
SET @date_abon := DATE_ADD(p_date_base, INTERVAL ROUND(RAND()* @interval) DAY);

INSERT INTO abonnement_client 
(num_abonne, offre_id, date_abonnement, montant, premier_numero, dernier_numero)
SELECT 
	t.num_abonne
	,t.offre_id
	,t.date_abonnement
	,t.tarif
	,IF(t.dernier_numero_abonne is null OR t.dernier_numero_abonne < t.premier_numero,
		t.premier_numero,
		t.dernier_numero_abonne + 1
	) as premier_numero
	
	,IF(t.dernier_numero_abonne is null OR t.dernier_numero_abonne < t.premier_numero,
		t.premier_numero + t.nb_numeros -1,
		t.dernier_numero_abonne + t.nb_numeros
	) as dernier_numero
FROM
(
SELECT 
	client.num_abonne
	,offre_abonnement.id as offre_id
	,@date_abon := DATE_ADD(p_date_base, INTERVAL ROUND(RAND()* @interval) DAY) as date_abonnement
	,offre_abonnement.tarif
	,offre_abonnement.nb_numeros
	,(SELECT MIN(numero) FROM echeance_revue 
		WHERE echeance_revue.revue_id = offre_abonnement.revue_id
		AND echeance_revue.date_parution > @date_abon
	) as premier_numero
	,(SELECT MAX(dernier_numero) FROM abonnement_client as ac 
		INNER JOIN offre_abonnement as oa
		ON ac.offre_id = oa.id
		WHERE ac.num_abonne = client.num_abonne
		AND oa.revue_id = offre_abonnement.revue_id
	) as dernier_numero_abonne

FROM offre_abonnement, client
WHERE offre_abonnement.revue_id = p_revue_id
ORDER BY RAND()
LIMIT p_nb_abonnement
) as t;

END
 ;;
delimiter ;

-- ----------------------------
--  Procedure structure for `generer_echeancier_revue`
-- ----------------------------
DROP PROCEDURE IF EXISTS `generer_echeancier_revue`;
delimiter ;;
CREATE DEFINER=`root`@`localhost` PROCEDURE `generer_echeancier_revue`(id_revue SMALLINT, date_debut DATE, nb_numeros SMALLINT)
BEGIN

SET @numero = 0;
SET @double = false;

# Supression de l'chancier de la revue
DELETE FROM echeance_revue WHERE echeance_revue.revue_id = id_revue;

# Rcupration de l'intervalle en fonction de la priodicit
SELECT intervalle, mois_numero_double FROM periodicite 
INNER JOIN revue ON revue.periodicite_id = periodicite.id
WHERE revue.id = id_revue INTO @intervalle, @mois_numero_double;

SET @date_parution = date_debut;

# Boucle sur l'ensemble des numros  gnrer
REPEAT
	SET @numero = @numero + 1;
	
	# Insertion d'un numro dans l'chancier
	INSERT INTO echeance_revue 
	(revue_id, numero, date_parution)
	VALUES (id_revue, @numero, @date_parution);

/*Dfinition de la date de parution 
        en fonction de la priodicit
        de la date de dbut et du numro
    */

	IF @mois_numero_double is not null THEN
		SET @double =  MOD(@numero,@mois_numero_double) = 0;
	END IF;

	IF @double = TRUE THEN
		SET @date_parution = DATE_ADD(@date_parution, INTERVAL (@intervalle)+1 MONTH);
	ELSE 
		SET @date_parution = DATE_ADD(@date_parution, INTERVAL (@intervalle) MONTH);
	END IF;
	
UNTIL @numero = nb_numeros
END REPEAT;

END
 ;;
delimiter ;

SET FOREIGN_KEY_CHECKS = 1;
